"variable","G05_1_E_cluster_DBSCAN_round3_4","G05_2_B_cluster_DBSCAN_round2_17","G05_2_C_cluster_DBSCAN_round3_1","G05_3_E_cluster_DBSCAN_round7_3","G05_5_C_cluster_DBSCAN_round2_2","G05_6_E_cluster_DBSCAN_round5_10","G05_6_E_cluster_DBSCAN_round6_6","G05_6_E_cluster_DBSCAN_round7_6","G05_7_A_cluster_DBSCAN_round8_2","G05_7_C_cluster_DBSCAN_round4_18","G10_2_C_cluster_DBSCAN_round1_10","G10_3_A_cluster_DBSCAN_round5_0","G10_3_D_cluster_DBSCAN_round210_2","G10_6_B_cluster_DBSCAN_round179_0","G10_6_E_cluster_DBSCAN_round5_1","G10_7_A_cluster_DBSCAN_round160_0","G10_7_C_cluster_DBSCAN_round1_6","G10_7_C_cluster_DBSCAN_round7_14","G10_7_C_cluster_DBSCAN_round7_2","G10_7_E_cluster_DBSCAN_round81_0","MES_1_D_cluster_DBSCAN_round2_17","MES_1_E_cluster_DBSCAN_round6_3","MES_2_C_cluster_DBSCAN_round3_1","MES_5_C_cluster_DBSCAN_round8_4","MES_7_C_cluster_DBSCAN_round4_2","MES_7_D_cluster_DBSCAN_round362_17","MES_7_E_cluster_DBSCAN_round2_10","pH10_1_E_cluster_DBSCAN_round1_4","pH10_1_E_cluster_DBSCAN_round2_19","pH10_1_E_cluster_DBSCAN_round2_2","pH10_2_A_cluster_DBSCAN_round2_4","pH10_2_A_cluster_DBSCAN_round6_5","pH10_4_D_cluster_DBSCAN_round1_1","pH10_6_A_cluster_DBSCAN_round525_32","pH10_6_C_cluster_DBSCAN_round2_10","pH10_6_E_cluster_DBSCAN_round5_14","pH10_7_A_cluster_DBSCAN_round2_25","pH10_7_B_cluster_DBSCAN_round161_0","pH10_7_C_cluster_DBSCAN_round5_6","pH10_7_C_cluster_DBSCAN_round7_1","pH10_7_C_cluster_DBSCAN_round7_4","pH10_7_E_cluster_DBSCAN_round3_20","pH10_7_F_cluster_DBSCAN_round4_20","pH10_7_F_cluster_DBSCAN_round5_0","pH6_1_A_cluster_DBSCAN_round1_4","pH6_1_D_cluster_DBSCAN_round2_7","pH6_2_E_cluster_DBSCAN_round5_7","pH6_4_F_cluster_DBSCAN_round203_0","pH6_6_D_cluster_DBSCAN_round9_1","pH8_2_E_cluster_DBSCAN_round1_4","pH8_6_D_cluster_DBSCAN_round6_12","pH8_7_C_cluster_DBSCAN_round6_1","pH8_7_D_cluster_DBSCAN_round9_5","pH8_7_F_cluster_DBSCAN_round202_0"
"G05_1_A",48769,39803,470442,2014853,208488,13337,19061,45426,9503,16123,297145,487437,59950,130463,19483,19023,215349,11926,20173,162795,101042,122771,81768,34666,154325,149826,6049,630709,80158,31957,133603,34824,56411,7470,243320,638190,5163,8235,7384,4183,21642,10797,3210,17730,69807,14729,3729029,17096,470126,161147,32517,2832,30459,4554
"G05_1_B",152673,125675,1134574,2335763,425126,13826,16511,75025,12786,22630,570516,473698,101399,180624,27398,25525,317264,18248,29347,251383,71023,221560,148959,141433,149303,210887,7399,2668562,98450,92290,297697,43157,80666,9851,522732,809485,6889,12421,6054,5581,11602,8695,5223,50019,84540,35636,5283376,23571,1182310,675580,59716,2811,44014,6449
"G05_1_C",57794,84806,573437,1377333,217395,11804,25571,42543,8880,17363,591796,372822,53711,145566,18800,19707,301167,10895,18652,141001,164915,121175,82492,49882,120759,109352,6599,919867,87309,89631,240237,42881,36178,7066,376972,455265,4656,8030,8526,4123,11430,9069,3358,38347,41242,20002,3354814,21800,782164,321065,44055,3551,45332,4428
"G05_1_D",85749,71616,600755,1751505,271096,9798,17816,43636,8368,16138,419977,320684,60266,118099,24850,19676,186709,12086,20349,154544,99841,166029,92195,93022,102230,134730,5749,1548765,79004,78498,187957,30727,76254,6834,377930,538678,4878,11436,5559,5345,13018,7667,3453,40033,56344,27704,3685908,15253,840711,385980,46227,2519,30719,6330
"G05_1_E",121721,81738,367328,1812579,365400,17547,23697,58604,6444,11897,186538,381491,36177,93755,29246,15344,160491,9595,17905,163158,31173,71838,49664,15665,125823,124231,4335,205176,59984,39306,104937,31044,71906,6537,159185,438715,4517,8614,10269,4509,17103,10461,2784,29159,136664,44497,3050702,11189,562211,90218,45770,6242,33807,6218
"G05_1_F",72828,73283,597597,1234716,192980,7894,8561,31861,6480,12328,108361,297265,114971,136802,18058,14233,138314,10305,16113,209663,21724,49341,52621,225415,92957,218812,5626,6115650,71633,47103,132901,28035,66851,5180,139414,508050,4105,6759,4051,3302,8728,5714,3268,41901,54920,24003,2187619,15767,859400,299696,21211,1846,29160,3825
"G05_2_A",88055,35014,327075,2077729,365783,14274,11878,45598,9561,17013,373315,376895,73470,129774,16768,21895,129110,13406,20571,245708,61816,150891,86013,25822,121900,202876,4379,501389,56015,18651,62838,24297,44177,8084,345835,749734,5995,6063,5638,3039,15378,8420,3685,13979,100253,28380,5123308,13158,401071,110891,49040,2260,18699,3273
"G05_2_B",70226,26588,243526,1213251,180079,7106,4060,30554,6244,11985,225072,303593,99211,160544,6841,13975,96908,9935,14017,329738,29997,98493,73266,34034,97768,254370,2384,588164,29644,16878,71326,14194,17601,4779,228166,432292,4108,3126,2340,1590,4068,3253,2665,11067,55370,15696,3631972,16949,216984,145606,26213,821,10373,1654
"G05_2_C",50476,53047,330946,1876496,235566,12029,16316,47467,9697,17889,447310,423884,61861,127185,13844,22393,174035,12166,22410,162463,134268,145421,97410,35743,134573,141971,4318,659246,54474,45467,139072,27688,32353,7694,320829,586490,5427,5733,6429,3085,10415,7167,3610,22148,46119,17927,4380696,16791,507800,184690,38892,2416,27558,3263
"G05_2_E",14718,1115121,848820,396513,154802,20713,42695,54460,7421,7872,13776,159191,28379,120262,49547,7083,241731,5571,15852,240187,23347,12811,17560,25753,51644,180861,10304,877963,156647,121722,69992,53005,68866,3922,27654,153137,3260,6939,7685,4059,13272,9943,2360,57516,41352,9581,481045,12587,1308668,501811,10217,3943,58612,3592
"G05_2_F",71083,53532,280951,1364766,309148,8098,5064,43907,6303,14587,151170,330065,108258,193399,11593,15429,90192,10330,16492,317481,21004,87555,63617,146098,109829,329677,2875,2741258,33138,21698,59059,16020,49696,5372,275315,458705,4331,3683,3233,2045,5277,3980,2657,24490,64549,25878,3274803,20814,533963,388614,32203,1029,13732,2399
"G05_3_A",130226,81183,453923,2236782,2091302,17486,13660,103050,10863,25808,310806,476000,134845,330672,25003,26365,106195,14739,25220,629442,32158,164192,94357,109142,154156,642603,5543,1878568,52542,17811,46120,22715,77974,10361,543020,916418,6758,6581,6655,3286,11086,7877,4122,15797,133662,77699,4935653,29396,548252,2009129,88598,2134,22639,4083
"G05_3_B",59010,50451,390273,1064732,647101,7069,5175,60222,5897,17058,123472,303548,117245,310992,14285,15031,85223,8646,13672,417203,16440,72659,75394,181519,100530,409288,3763,2688606,29575,19155,48880,13816,51416,5250,267350,527526,3591,4615,2583,1972,4927,3299,2671,12172,57685,33127,2734518,37088,383635,3229804,32101,952,13493,2666
"G05_3_C",115084,72210,411002,2877657,465269,19117,19863,76855,16074,28532,815099,447843,85349,148690,23404,39015,172908,20870,37781,255272,125801,280967,154080,41413,140719,197818,4384,794043,47866,46206,140323,30861,71831,13583,698543,1102992,9014,9367,8874,4810,13140,9587,5697,26245,87139,36632,8074651,17138,667610,502713,81044,2835,29359,5622
"G05_3_D",48098,150182,324747,980694,507662,12225,11402,40384,6917,15641,109105,223706,89470,251181,18751,17374,87574,7978,19952,400655,22401,67582,64533,121938,74328,421384,4322,1501474,42743,37947,60593,16568,45378,4988,236070,453303,3786,6636,3490,3036,5551,4350,2568,18447,51851,30763,2312241,26464,477143,1862169,29452,1321,18251,3586
"G05_3_E",22185,2064500,1616858,738409,218038,76948,85281,88323,31614,14984,26397,222257,50809,207727,79423,30052,554066,10965,34767,345454,28707,27563,32644,28871,70927,302647,21783,624384,253173,160781,200189,89022,154779,8553,75199,259852,6436,16626,15379,8277,22905,24130,6867,133340,61577,18127,868399,23510,2070779,908825,15190,6880,105406,9229
"G05_3_F",7929,489355,561824,184714,27960,17858,46901,30630,4893,6977,9144,101446,132782,215839,61613,61863,363742,9183,28182,267537,26188,8632,33769,243171,32664,324247,17032,2845914,262631,124618,309004,89702,181636,5914,30236,211820,5730,16884,13751,8411,12484,12453,2910,69277,47087,5363,212226,25321,4279186,325585,3606,7264,49927,8412
"G05_4_A",19593,1388962,1425185,452415,176183,48258,42574,47339,12837,14731,35688,231641,92496,300400,77433,43171,277507,11131,33498,417194,26017,29964,52155,127149,73722,503773,42024,722495,241018,204732,245710,72404,156412,9406,118955,396831,6448,21219,11678,9601,23774,15349,6316,73136,58246,16485,858512,31056,1440652,1288151,14587,5007,63724,10349
"G05_4_B",31010,997867,1911715,602588,435139,31783,22244,53927,13483,22932,57635,289035,129847,466257,82850,33766,230651,13715,38771,564439,31260,46830,89722,315479,96529,588334,14528,2123377,216596,326186,158296,58380,172420,8216,197733,460199,8176,22600,8024,8962,20150,10646,5223,50378,80181,22637,1429926,57762,1832107,2637076,22802,4765,79604,9938
"G05_4_D",8205,719893,922902,182127,72874,23044,20613,19764,4037,7429,13728,94029,50115,168559,45680,24722,174983,5905,14985,189530,12268,12430,24110,110908,30459,247358,10535,778296,151221,74986,123292,41327,104302,5458,50734,123572,3464,16194,5425,6444,11905,6702,2958,43686,24001,7473,371352,19542,1558293,966754,5545,3215,36863,7111
"G05_4_E",15077,2680157,1330404,484134,147974,84645,106022,110266,53780,13072,19048,177532,52092,212380,139449,72982,670146,9402,25346,439369,39065,20670,24525,28661,55907,380093,24999,414646,290775,153854,264940,95903,296061,7008,61160,168295,8054,27102,21402,11544,32352,39133,5838,156627,36265,13923,599600,19928,2361079,790471,12025,9054,81214,13490
"G05_4_F",8542,646828,1169634,282618,40124,42719,59586,45085,23196,10249,10297,135525,108760,360904,62206,111631,456291,10052,30116,429597,48308,11120,39647,196030,42905,617729,19132,1763572,293758,94618,387655,101208,227509,8199,41538,233719,8580,22484,17418,10446,19686,17817,6113,75458,29562,8703,401847,37126,3812821,347091,4677,7113,60305,11521
"G05_5_A",13801,2124678,1418283,410063,166770,77306,62972,61323,25217,15732,26288,236507,96862,329039,69293,82862,356526,10983,28575,482375,34464,23288,49073,113123,74707,623007,37180,552016,286596,146123,337026,84776,201474,13189,108935,289960,7834,22789,17313,10464,30571,27067,5370,105729,49567,11962,807577,30560,2187241,846072,12352,5585,58150,10825
"G05_5_B",15668,1360658,1239056,401775,113348,68968,26926,55932,21357,18927,24136,190341,133692,434145,60160,132965,336087,13414,41359,610528,35960,21867,59377,149968,59636,764011,14754,859327,208158,66513,309272,64838,184352,17909,96804,318193,11561,20328,9480,7929,20307,12562,6138,64583,50528,10837,870723,42841,1851479,889650,9709,4337,51088,8769
"G05_5_C",40539,102017,98500,762673,492196,16652,12566,47994,6930,30952,111663,237536,183713,697002,43304,42014,42424,8857,27121,862593,29855,64429,73428,89548,84082,846578,2364,626824,9460,18748,32909,7844,108927,6294,259152,579989,5884,4843,2892,2168,10358,3818,2740,7751,109793,24109,2514462,87945,164989,2479309,29229,1059,11451,3012
"G05_5_D",10719,1625847,1116714,318928,79762,50923,54493,41677,12519,12741,17285,129489,96733,326905,71804,89128,388124,9426,25388,390935,34026,16295,34727,145227,41136,578895,17984,938488,255281,92318,323290,81110,232619,10914,67163,185801,7540,26677,14805,10969,21750,16488,5994,91829,34671,10469,612685,32643,2421955,665645,7572,6282,58270,11575
"G05_5_E",9077,791209,1097761,742604,41801,54218,80586,101328,5606,8937,10037,208084,48789,201808,87826,63875,616222,8146,27960,427249,26304,11328,21730,21988,63795,383281,13367,110995,249600,203266,377043,99678,222082,6807,42217,295192,7356,22584,15005,11437,26956,23507,4724,60887,41236,6847,450379,17716,3444017,249919,7497,17395,77631,14687
"G05_5_F",12533,1374746,1321963,405561,67903,58158,70350,40143,49057,13304,20522,165947,106613,367003,67901,97697,398969,10417,26845,414351,37270,18638,39349,172884,54103,584219,18754,1262237,254023,100341,342350,93642,237716,8677,73718,228894,8248,25656,18140,10527,23195,19407,8161,93397,39779,9916,738151,39757,3123688,458091,7922,6492,52591,11568
"G05_6_A",25467,2246125,2815866,732376,156230,98543,110207,102413,38530,28491,53855,370187,137683,442461,147660,172442,705235,18563,65869,641511,53902,45284,80998,182168,116855,781312,39185,864740,433875,202037,780830,137759,576931,23341,160105,484496,14818,48787,32866,22676,57749,52824,6933,137374,94610,23090,1337915,44186,4192154,1808648,18440,10833,161768,28009
"G05_6_B",22249,1635716,2190301,431839,131188,73589,55317,65092,25358,27454,36787,259672,125746,402902,98458,146971,567840,17754,64108,612618,54979,31474,86465,228644,82942,624467,26004,1337435,376996,203091,663890,118582,253165,20324,113985,370006,14204,34225,23445,15839,39442,28901,8236,101895,65534,19221,960996,43970,3380845,1918111,12159,9543,126390,17800
"G05_6_C",34938,1623550,506342,393093,186074,77098,54126,54454,13149,41468,57264,416199,138104,497070,122930,120244,328275,16089,49045,707732,33592,41355,92360,204712,138393,690259,65428,666803,526012,225078,217931,138414,198992,23080,156994,434887,13458,28774,18802,16493,51306,27283,8118,50245,85031,28117,1076449,59007,1261662,3459536,16575,11207,105948,16342
"G05_6_D",32616,2243103,2391459,973453,169275,133512,113267,108838,61785,30303,63448,375917,195127,581574,164585,195435,693505,24451,77316,772930,68407,54594,102182,250637,121268,1083893,30907,1128587,443017,217088,646512,148793,560158,30337,216452,537574,17352,61914,35789,28413,67755,41815,11835,160572,97677,30767,1730563,56115,5136413,1463066,21514,13522,129039,35828
"G05_6_E",20581,1855752,1966910,1067668,120645,149852,109436,149178,60039,21491,34367,299887,71445,285892,111633,104369,815008,14519,45292,568022,50532,35590,39334,26200,93179,489196,20737,54454,317892,223048,465333,118766,348729,11488,102945,340271,12413,33702,24222,16228,59309,55936,8453,130554,69858,19450,1148049,27825,3343927,760432,16089,17957,134963,21976
"G05_6_F",23928,1567449,2015005,686654,106541,94334,82274,86087,81247,20801,44023,266231,158854,482605,116328,171079,604598,18787,68607,624770,64520,40217,72142,210434,85679,865147,27016,298298,350432,197876,643300,134151,381408,18505,175728,432922,14891,48590,27708,19704,48007,33705,10589,147045,66597,30021,1235345,48139,4793902,1118702,16849,11937,90034,23827
"G05_7_A",10675,1769991,1489628,346371,85526,56735,63756,59083,48616,13092,19739,207508,88949,289452,75302,116820,413767,9197,28877,405179,29936,19146,39230,79804,64454,550093,26477,153844,222839,190746,631165,70492,261998,12633,80884,236045,8638,32205,16717,12219,46180,34332,5623,88401,44125,10901,598004,26535,2930192,951085,9298,5202,80427,14208
"G05_7_B",11627,1387319,1308795,299602,64816,54869,35872,47858,56648,14751,18997,160267,107622,341192,63201,120241,370114,10963,37169,472867,36340,18352,46701,120117,50602,579661,13853,187245,211839,135090,489180,69727,178519,16334,80338,220823,9786,28389,14350,10801,32035,20296,6295,77638,38923,10358,612769,34807,2550360,1048477,7928,5852,76015,12649
"G05_7_C",24048,3619210,1478317,449882,161216,71956,81115,58644,14481,40051,49653,270080,111725,374733,132936,113024,561120,13604,55744,495465,48823,34989,93465,194611,90288,535860,28970,582984,244044,214563,666746,77009,317475,20650,125884,384340,11132,38618,23076,14861,43344,31907,6380,172864,68860,16188,1077005,43823,1741799,2070275,14083,5794,65285,17238
"G10_1_A",33033,38002,355258,1002658,140566,6748,14216,27711,5283,9092,190252,411726,29654,71468,14615,10532,154035,6191,11744,69807,73105,72971,46752,29321,132767,62315,4458,526568,52811,37123,109629,24115,31960,3939,143366,327349,2909,6043,5334,2864,11619,6230,2015,16483,36103,10949,1807735,10589,408687,201277,22169,1920,23817,3256
"G10_1_B",61368,40368,389761,1170818,120340,6040,5713,30886,5525,9748,210809,427540,55848,117003,9098,10998,125840,7944,13406,162112,38639,82760,64830,52088,136791,150679,3056,853574,37773,35061,130336,16518,20003,3986,199961,374563,3177,5344,2401,2270,4085,3124,2330,16714,33318,14176,2343725,14548,344647,270080,22276,906,16252,2855
"G10_1_C",76901,79637,523728,1955820,272998,14246,23317,53192,9913,21066,702794,521850,66488,154411,18181,25335,271368,13943,25078,172821,153779,155205,107799,54430,171146,141530,6259,1023059,85055,79357,206319,39874,38369,8767,438403,640875,5868,8421,8625,4274,12546,9288,4012,34982,52837,26483,4358559,22161,767287,297711,50893,3444,40970,4555
"G10_1_D",69513,52125,395660,1937306,267744,9523,12039,42831,8793,15821,399453,564666,46171,88641,16036,19246,147411,12738,18131,118611,76953,125967,99083,75627,184315,99297,4536,1365940,61265,39761,111819,25535,47612,6861,298616,614185,4742,7181,4477,3307,8764,5658,3428,27789,49390,23231,3815620,11661,617281,226439,34803,1791,21127,3946
"G10_1_E",91949,52518,311849,3115989,312180,19646,19905,81862,9224,16198,227066,446754,36934,108194,14822,22192,160751,12990,21552,153280,42372,99367,63686,15327,143182,115372,4027,172511,54877,33585,119911,31050,31773,9032,217500,681854,5978,6584,9938,4058,11841,7989,3706,25751,120708,16763,4361801,13855,446350,76035,38304,5462,34241,5422
"G10_1_F",78460,46491,470688,2399481,185843,11306,7713,47846,9304,16272,230618,578923,93613,163163,9765,20396,161614,14600,27322,250155,58071,107753,93801,91716,185218,238831,4215,1060916,56232,41348,180232,25882,28839,7054,266541,597004,5237,6883,4244,3148,5619,5126,3941,37537,56015,16891,3856390,19208,505178,178872,29894,1570,26588,3537
"G10_2_A",71872,172926,590336,2572248,271591,14280,19988,62405,10704,18388,336097,668130,55508,107900,16770,23538,186833,13477,22549,147162,90199,148050,79849,49773,217879,137086,5688,919136,64554,55601,167126,35024,33074,8966,295954,757406,6386,6018,7818,3463,9477,8130,4611,35471,61437,21410,4471204,13402,816207,357281,42555,2642,31719,3740
"G10_2_B",68423,51329,362156,2279425,228662,9915,6041,61080,10284,15863,322996,728079,70232,125297,9983,19676,109213,13911,19051,205717,45744,132335,103013,57144,234699,187851,2580,1134623,24666,26339,89259,15390,25842,7344,296545,658385,5462,4150,3042,2047,4279,3923,4159,18329,49325,18275,4680517,14491,474336,311129,34522,987,13245,2341
"G10_2_C",50379,56462,323130,1565150,268615,11391,14631,58247,8410,16448,537625,702260,56699,111986,11329,20941,156644,11460,20811,153757,119631,126117,103328,38235,232066,121435,3353,790961,37820,50165,134967,22548,30773,7458,350349,549049,4862,4882,5757,2522,7150,6038,3326,22898,43107,18716,3840965,15025,505442,211468,41889,2342,24456,2890
"G10_2_D",35597,19434,172475,1667247,130882,6922,5332,34540,6313,11531,189255,504233,54065,96303,6074,14671,67270,8967,13894,150492,54328,77008,62227,32165,163243,147238,1611,523036,18023,18177,76271,10179,16000,4874,177876,411786,3878,2661,2335,1496,2910,2901,2671,11101,35458,12114,3343467,10858,221913,87467,19940,752,9348,1814
"G10_2_E",60845,143728,209116,952348,979446,8620,16124,34934,7132,8442,73942,340953,33908,67304,22762,10191,80687,6802,15240,122828,17872,53823,28953,11478,118498,120287,3072,248235,36969,24373,49780,18248,47386,3892,105662,470237,3986,3528,6130,2099,7143,4639,2092,19346,89847,19488,1778499,6667,659480,61455,36522,3286,19253,2757
"G10_2_F",52960,71218,275249,912135,336914,7648,8070,36777,7590,12109,104795,383248,120640,149770,16035,15751,101809,10435,20184,210313,27172,73640,54551,191056,130700,265969,4095,2578849,48709,28047,98068,22442,57168,5129,167715,785688,5462,3686,3619,1976,5872,4112,2912,34463,76447,14050,2443254,16788,2134348,200075,24394,1277,18279,2044
"G10_3_A",71849,55699,325862,2197814,493388,11127,18028,81498,11392,18100,352162,536647,41799,73436,21810,24616,133782,13615,19998,94958,88349,166672,79411,32230,175698,77503,3362,629229,28582,35366,135208,22733,62653,8802,330845,767264,6201,7676,6858,3767,12211,7299,3897,18863,56067,22260,5122942,9194,576347,149599,56817,2144,23401,4685
"G10_3_B",110914,42437,284563,2052391,480687,9390,6175,71173,11307,18482,390281,397545,56310,102236,13048,23611,75914,15259,20547,193305,39497,186300,101908,49612,129606,148557,1879,864465,13151,20992,94064,12945,42821,7904,420567,647884,6113,4939,3667,2451,5174,4244,4122,15093,50780,28127,6008146,11094,361626,297791,50329,848,12918,2966
"G10_3_C",94456,75697,497232,3586938,774093,22801,23801,131085,19464,36483,852931,1677460,85816,151683,25761,45657,185274,25814,36740,228628,181296,249545,205724,61376,566774,152282,4234,1410938,41313,49498,184346,31242,58364,17671,679135,1382657,10539,11240,10549,6034,15167,10503,7532,29056,80229,31190,9715792,19940,682631,279705,80118,3692,30770,7312
"G10_3_D",164805,56442,357021,3023740,1150152,15225,18475,95273,16667,28772,529605,660027,90425,155421,31691,36948,133598,21697,41389,291176,88057,283740,137929,198717,220656,246496,3872,1952634,33581,41799,167014,23304,69878,12477,594286,977608,9075,11836,6914,5375,12787,7910,5941,28499,89498,49512,8571002,16084,666055,696567,83253,1988,24205,6495
"G10_3_E",68771,436862,199806,995618,1394608,14169,22167,74346,11894,10480,84864,241207,39174,126695,57663,12035,79245,9313,38787,267082,20606,75178,37938,15452,84896,245326,3816,577603,43194,28414,34547,19547,140651,5236,173193,453301,5315,5387,6126,2450,7495,4882,3697,32415,128162,27947,1731894,11114,1586229,32943,45949,2920,23513,3090
"G10_3_F",28023,320449,403284,519246,159365,11771,29098,23543,6938,11210,27208,146653,185560,208072,75959,17857,199148,12968,41518,303928,45262,27242,62203,236262,49029,450531,24046,2004752,332769,40327,261256,96977,204332,6380,81226,498338,7378,13654,13684,8125,13309,12246,4653,68863,94019,11050,890507,18170,6180661,465354,10403,7498,48964,6804
"G10_4_A",68767,31896,62060,1398607,1643489,11399,6707,43103,8492,14954,172151,277333,103434,200942,15310,17293,25908,10772,21216,403399,22188,100075,69223,27835,93344,450947,1362,499100,6359,3005,13994,7090,34987,7009,299446,852548,5699,2311,3450,1261,6053,3504,2898,6559,126754,20232,3689046,16380,258475,28718,54779,821,4768,1620
"G10_4_B",53475,23269,95185,939841,1137002,6275,3179,38560,5982,12294,135301,219554,78325,179139,7407,13398,31096,8473,14320,353345,18246,75159,62765,97448,72103,320362,1611,1347410,10554,6917,22395,7238,25250,4548,232989,491431,3781,2537,2144,1099,3128,2274,2189,6857,45964,16715,3019365,17716,231540,781719,39047,506,5174,1476
"G10_4_C",36881,27157,133103,1772643,470345,10142,9134,51984,10399,18681,358592,656645,37069,70780,9162,25396,71402,13228,20185,112041,78871,91519,83722,26787,216303,71386,2115,472142,20209,17281,60257,14220,26591,8432,277206,676361,6097,4203,4692,2422,5731,5038,3947,11542,36812,13764,6257785,8645,249699,150583,35698,1446,11936,2924
"G10_4_D",76452,55978,84156,1213449,1719834,11337,9106,51699,8380,18492,164263,238862,154355,313034,23422,20277,40762,11424,24377,605637,38945,120910,97871,269633,81977,658594,2452,2961577,11871,14263,49129,8951,55651,6678,367476,877864,5910,5021,3435,2183,5288,3168,3135,15291,114541,29715,3262560,27354,725801,1334144,60079,935,8684,2965
"G10_4_E",42561,796666,326886,1194627,778506,43383,32140,75360,47288,23596,56128,443233,132913,594262,122445,27844,333901,22128,133430,1212851,119369,57551,113391,28200,149906,1070362,11652,1224140,130673,43780,164918,64205,381894,11594,186424,718049,13816,29406,13524,9323,33954,16862,11907,51268,255030,27571,2270078,53315,3009058,38322,32126,5282,72535,10819
"G10_4_F",18232,244520,28051,230716,292422,5257,12503,26193,4972,6098,24274,116219,83334,257176,40103,7982,46473,7977,27168,291188,15297,23213,58004,347788,41067,453470,1552,1584757,3532,8272,32773,6581,100912,2141,79265,281596,3913,4392,1428,1065,3859,1640,2476,27585,43615,10664,614534,26307,2672254,152970,11653,891,5281,1563
"G10_5_A",45545,197191,92840,978915,642511,15126,15749,50467,7966,20727,109812,238966,123504,365176,52401,20265,62055,11335,37234,642471,36877,79085,154875,295132,85020,685265,6956,1446871,29565,51689,60435,15055,145532,6614,304600,929133,6056,8468,4642,3411,7635,4631,3860,15001,150091,22562,2375815,33139,704346,1715346,38439,1720,14764,4051
"G10_5_B",43909,431330,74296,770408,497426,14115,13087,52389,8422,21870,99395,294377,175999,618718,61581,17504,45687,12387,26468,836869,27206,75578,152149,448923,104040,806802,5058,2868722,46155,16758,40142,16786,148604,5729,289637,710357,6150,7988,3703,2771,8215,4378,4560,22759,116850,27804,2379376,75000,1399590,1527269,32809,1716,14960,3155
"G10_5_C",138215,29715,88656,1689011,1085630,10091,9259,50367,11139,19147,522472,410228,48017,91863,12286,26688,48527,14240,19626,199910,57140,170885,82786,20789,135598,142366,1591,352171,11478,12678,41404,11642,31346,8787,465853,665033,6703,4341,4908,2431,6881,4882,4147,10542,52210,23714,6845904,9080,250973,90892,65186,1163,8113,3060
"G10_5_D",26836,380304,84703,598465,360965,20870,20341,42083,12365,17468,62203,241924,169444,531214,74861,20420,71249,14272,49321,766554,31999,51046,189217,473197,83582,925460,7182,2266300,79072,57712,61612,25288,221099,6830,196206,672718,6774,12167,4754,4116,10891,5634,5599,30732,111370,19425,1653984,54053,2377871,939643,22413,2649,19228,4565
"G10_5_E",15552,379859,697384,605645,140291,19641,64344,30435,5657,9889,13081,107516,45836,125011,146188,13969,476336,9054,35491,259908,16361,18111,22314,38016,36731,281713,22456,296233,388047,45888,330370,124516,293435,7776,43842,385993,8324,21543,26534,12557,25086,24943,4574,69012,295888,12477,586200,8894,4097926,67970,9497,27726,80314,14391
"G10_5_F",13587,464958,26955,217196,176020,16998,30353,21791,13652,7971,23886,139575,98410,268778,80052,10033,118676,7633,27452,321596,20938,21068,60552,292747,46936,459301,2408,1310181,7718,15611,69803,11910,141021,3197,77341,259433,4284,16643,2309,3651,7440,2797,4191,36124,46367,10816,599131,27899,3119418,119483,9786,1359,8259,4830
"G10_6_A",25686,1856859,24899,565633,251058,63660,168081,33336,13025,16558,68047,194760,162156,517339,496429,42372,356554,14065,77145,707922,20899,56601,230869,331420,67505,1108974,25776,860574,13173,78059,353807,46060,551855,11714,271967,638811,10021,79980,8886,17585,35736,12701,5944,61830,132547,12407,1304865,43894,3966095,396082,28185,5354,12762,15077
"G10_6_B",12582,1061011,43579,168484,134733,43291,52443,20787,7021,13204,17996,113891,126163,421042,87500,43037,106608,9484,27991,504215,24225,18160,76346,241991,38488,727574,22498,1138119,261764,91094,197266,79795,149703,7645,83541,254811,7119,28696,9497,9485,19458,11623,8344,42729,32646,8363,522948,43919,2782781,613228,9453,6280,41193,8457
"G10_6_C",115705,38886,57760,1159530,1582959,10686,9375,36802,9202,22070,231942,216924,127288,368883,12795,21121,33557,11013,23236,770270,45326,126857,121378,44625,76072,801650,1871,350032,6502,9344,34406,8236,26411,7411,483944,948513,6028,3398,3839,1741,4256,2902,3473,8048,173296,28261,3814158,29955,198858,1797811,67483,942,6414,2117
"G10_6_D",24387,1203127,123911,456181,247959,63773,182973,41569,11229,22774,46135,226332,230094,637026,228261,92691,440581,20257,72121,807451,54528,42143,166128,466187,76055,1269466,38181,2058991,479671,91031,477243,168276,419202,15358,166525,622234,12729,71575,20171,23217,38947,24107,11990,60574,76608,16232,1190863,57741,3834782,1107191,18705,12960,81320,21015
"G10_6_E",19667,785924,650192,651807,124128,26042,70341,45474,6174,10221,18246,116113,54447,151986,157916,14753,434137,9666,37222,323390,13938,23314,22075,32030,39005,344697,18114,261341,317059,69264,367131,106278,265024,8434,67157,477358,10299,26354,25303,14292,33614,24941,5263,82666,247942,11299,587152,10808,4465566,52644,11436,28511,65745,19018
"G10_6_F",14957,571446,34366,299504,142930,38336,104152,23148,5198,10630,28459,130254,132218,376812,284604,60091,940255,11350,42554,475044,54152,24006,97568,353193,43472,708742,8114,1284273,14726,33980,350272,73757,280024,6043,96478,394411,7692,113300,7173,19803,26415,9132,5132,36660,53849,7760,776863,35954,2937083,300222,10796,3262,17360,13440
"G10_7_A",21722,1633301,33764,473294,171419,75024,259782,27049,8310,17999,46698,238952,142054,419036,481142,183466,1180443,17296,87873,573610,28929,40703,261577,357627,82531,871558,19742,1023976,27508,104379,745528,106201,380093,18167,162842,555506,13482,228222,11716,49217,46767,20404,9831,75187,227218,9855,1239158,35683,5719527,71546,17755,6441,25168,35329
"G10_7_B",25912,1612112,88418,484837,170309,93650,179198,32160,12019,29585,39646,263854,164132,490836,148905,127995,303681,21819,74566,618652,44294,40125,163897,377502,89738,796836,37336,1608326,461082,167351,533651,164849,198665,19743,147207,487837,13585,49717,22050,20776,36507,21598,13362,62804,76050,12374,1426648,52542,3819034,1076516,15058,11482,76730,21223
"G10_7_C",83337,1619685,73058,1407779,855659,48884,123192,32696,23024,39063,189464,592531,417107,939542,307167,46843,270470,57750,324538,1601726,42883,129760,802521,965818,213873,1680645,15985,847593,80753,174450,61689,36850,350860,19444,493390,1206173,20761,23603,10138,9465,9308,9559,8173,43568,621332,24218,3821959,95182,1561075,1489598,52412,5809,15915,10920
"G10_7_E",50771,1493488,1104674,1250884,401695,97222,97696,62536,13521,27013,67952,372256,101749,332311,272830,38794,1023161,38664,136351,735850,51912,75416,98656,58054,118051,672544,29981,950059,489038,74819,870206,196799,954194,24435,174626,608434,19336,110840,34711,44485,107824,63853,15863,118628,345451,24858,2194626,27150,6588327,66165,29967,19237,167313,59942
"G10_7_F",32377,980287,932143,1252824,172537,30462,61285,39554,11033,19921,44798,300894,185192,314703,181727,28141,641083,22248,63697,535293,22608,46150,116907,141701,101038,711751,30507,50554,473704,95721,777088,180964,332165,13055,155464,975281,13893,68002,38793,34910,56787,40294,9373,108741,320934,12001,1757254,23816,7482211,484809,17632,36341,92717,51872
"MES_1_A",33431,57089,526011,1537837,178207,12172,25559,39968,9734,22914,999804,170014,40370,142554,21631,23709,312099,12598,17442,80206,263731,121041,60324,28379,50910,62751,6522,390367,87570,70837,216982,45062,49110,7954,133570,711152,5755,9573,8142,4606,12352,11671,4034,31643,55696,12054,4767582,23250,627512,222733,22449,3340,41660,4600
"MES_1_C",16593,67869,458266,1388318,94583,12536,24484,36454,9344,20489,1105294,188179,44797,176359,16754,23942,313388,11803,17746,116746,198350,88821,73292,31326,54423,109137,6681,406034,93397,81624,232791,43872,33241,7363,103930,454307,5288,8302,7535,4433,10775,10433,4007,33556,48726,11250,4660697,27221,643086,248699,15709,3363,41845,4671
"MES_1_D",37413,59137,549737,1538826,185410,11144,18188,37165,10088,25521,1043923,196957,55310,170268,22100,27803,291565,13844,17598,130662,302015,130475,87888,42866,60903,98215,6932,583502,103023,68452,262736,41694,48872,8097,176220,706878,6177,10113,6258,5197,9729,8906,5192,38214,53402,11955,5340594,26426,474779,269198,25716,2766,34123,5584
"MES_1_E",43362,31633,189420,1363510,206525,12747,17509,27262,6808,13239,804231,185155,31430,87932,13606,16637,137208,9352,10930,125596,76988,101543,30371,14050,61661,100880,3572,188530,52761,25605,81483,27140,32785,6189,112367,555154,4207,4309,6020,2461,7565,6652,2608,21884,51601,8453,3843567,11218,446301,48074,22003,3062,20103,2755
"MES_1_F",23894,28143,217308,452681,96333,4722,5100,13604,3907,9003,254900,328367,78820,110878,7918,10341,175186,5770,7617,105157,90077,36337,42698,51669,106953,127411,3041,600240,39355,31949,133714,19861,41137,2794,73698,388941,2497,4583,2273,1931,3544,3232,1922,26264,23806,5688,1862194,15228,195555,105897,11165,971,15661,2135
"MES_2_A",41699,28982,272360,860817,845955,13456,14442,29491,8758,17146,595192,445947,108328,112675,16746,17669,215849,11269,21149,148969,117804,95964,96154,45426,146078,191679,4691,883567,62588,13415,38241,28779,69574,7322,190767,1410728,5385,4264,4777,2410,9119,6854,3692,11679,97863,16385,2928460,12569,495606,95129,37645,2078,19281,2618
"MES_2_B",45444,49834,484748,690369,699687,10040,10798,34051,8066,17322,480151,654373,177827,210856,21759,16757,353944,10782,18077,242796,125620,87640,133754,53746,214530,280595,5775,1532722,77443,49883,147074,37698,85064,6429,184396,1063355,4885,5849,4169,3045,6697,5240,3923,21501,68709,17968,2704197,27318,435400,423154,32734,1861,26657,3407
"MES_2_C",60084,75250,479282,2456261,369786,23265,26336,68327,16399,36919,1911606,323607,91385,229918,20730,43923,321641,22191,29195,282203,302734,327823,129126,34435,99198,232652,7005,474801,100413,73076,222772,50279,51035,14517,508316,1261227,9960,9717,10498,5553,13018,12843,6739,35856,81910,21837,8851779,29983,733225,252932,63457,3879,45303,5475
"MES_2_D",45176,37044,311642,830182,611253,11632,12703,33566,8903,20787,551359,599345,212312,207652,19336,20898,293470,12721,20611,284894,160274,99709,225651,46346,204709,295516,5759,1990575,79029,50497,100955,36888,79034,8079,234064,1604329,5861,6501,5090,3452,6867,5839,4382,21436,114872,24162,2976720,26224,668672,195486,35192,2253,23997,3604
"MES_2_E",42712,85021,343155,857435,523032,14414,34350,40115,15271,16960,470828,661042,96551,145384,27517,18475,339182,13217,46622,282355,92298,81879,108163,12509,226922,257142,4672,183091,52528,49410,59905,39566,67055,7869,156256,1488260,6434,5431,6913,2883,10577,6351,4434,28573,557770,14795,2141573,15047,1872240,43633,30843,3526,30540,3515
"MES_2_F",41170,50022,415676,601650,477692,9992,11754,31193,10073,18335,384472,747400,221168,215396,19467,18052,491365,12037,21442,357208,96530,77805,294691,142479,256690,315497,7738,2826557,101054,47029,86884,61330,65282,6903,180838,1411026,5615,5668,5304,3266,6540,5886,4065,36459,145338,15386,2324534,26693,1652969,224479,27426,2517,30215,3125
"MES_3_A",88441,138361,879734,1480468,2101761,26465,52816,76894,21949,43193,925399,1526174,293476,426795,61764,38738,833462,25951,77669,690738,223867,202000,707664,83165,534845,887922,13951,4771358,158594,154739,130279,83266,117194,17714,419335,3664149,13116,13157,13661,6704,22078,15302,9470,51744,420523,53247,4216177,40968,4268308,215754,78533,6372,87374,7552
"MES_3_B",46279,121326,713857,498587,1304128,10165,17740,36468,13146,21913,336492,968654,198140,366843,37081,18769,855789,12344,36704,536305,66409,75707,455294,114881,340812,647968,12145,3679996,122624,126206,94354,68398,139275,7637,165701,1371281,6860,7710,6433,3833,7651,6684,5325,32404,202799,23340,1711160,38731,2511891,1073959,36413,3766,45533,4520
"MES_3_C",55852,47721,295460,1133172,1362715,16678,20505,40993,12166,23616,921183,721492,144857,180229,17411,25085,334889,14031,37369,228972,171966,169828,222032,113780,241808,280130,5238,1551390,66952,46115,112009,37852,67750,9968,367832,1744974,6644,5448,6472,3078,7698,6909,5108,21675,114579,26995,3617230,21262,652398,337027,62710,2551,35051,3270
"MES_3_D",16204,174538,908445,246896,238938,8853,41306,20111,19285,15603,121921,676720,122770,197603,73906,15726,1003203,10621,54446,304514,59404,29160,252210,80574,233563,350505,16575,2157294,193575,215083,61685,106023,169828,5559,64227,819242,6097,10181,8292,5879,8804,8977,5658,60408,81710,11686,742071,19723,7918334,214349,10181,5631,62978,6455
"MES_3_E",7022,399081,1351625,125912,86122,6228,100049,30262,14573,7806,30106,404731,114128,203209,102832,21223,1696864,10076,60372,267340,26053,11256,82175,17930,144980,272564,41028,215723,129717,275744,113601,152041,172411,3352,26440,364244,4209,16424,15746,8189,9265,10021,3783,91799,444610,4460,281499,24942,11232067,25828,6256,4872,106122,9864
"MES_3_F",4133,126172,484287,71434,31395,2994,20602,14102,9020,4756,20208,236143,75661,176304,53563,20762,925372,7912,19772,158316,10993,6093,76154,248746,81634,166384,19056,1185412,128801,84525,96562,97333,103166,2499,17469,263364,2620,9477,6219,5007,6038,5738,3478,44344,89272,2554,213229,25423,6055218,82718,2807,3371,52239,5802
"MES_4_A",12858,321444,874504,145261,238386,9380,58726,20965,39631,11216,88064,492506,105405,168227,115629,18147,787054,8769,39180,232509,37129,23778,115206,33146,169174,329880,28445,1075193,145420,269144,75522,82281,188409,4909,58661,677936,5854,12417,9440,6481,10610,8580,6309,84615,61955,10240,382180,15950,10905895,63046,9788,4884,59885,9152
"MES_4_B",11734,224565,704020,141905,225859,6391,31453,17517,29066,10640,76156,553174,123406,211868,74182,14656,833414,8424,34557,310857,18068,19783,148533,51918,192676,379588,15898,966199,137662,150912,56099,70183,132270,4328,48822,508550,5948,11956,6317,5565,7323,6391,8246,45741,43536,8293,459399,21534,5729888,238278,7588,4332,35006,7845
"MES_4_C",26208,26026,133461,511830,797796,7875,12523,27717,7653,13024,422589,461513,105930,180060,13900,14671,447173,8005,33678,318787,54692,75488,245543,210304,160135,374931,4285,1392657,43225,31155,35341,28826,39174,5993,185616,1183394,4445,3076,3787,1777,4587,3764,3184,13296,169367,14854,1656406,16572,914318,914128,30160,1589,19679,1967
"MES_4_D",7435,172169,502979,113466,91197,5957,28131,14570,17882,8217,54705,370210,116642,188751,70461,24732,578775,6698,26969,269169,21209,14512,106991,41777,126819,342179,15067,865724,108106,132904,90475,60898,125515,3542,38768,496284,5051,11050,5854,5244,6284,5532,5310,40484,24016,6031,356184,19005,5348545,98999,4966,3400,31514,6729
"MES_4_E",5437,302056,365258,141488,77947,6463,57996,25415,9579,6109,38701,300577,86375,207469,82712,19794,695554,9669,37658,389999,12194,12109,63861,9154,106110,418521,22537,116981,80322,113182,54217,65471,128951,2844,35607,445459,4769,8837,8623,4473,7267,8006,3352,48975,279681,3199,306444,17687,6026746,10211,5450,2952,32273,6084
"MES_4_F",3997,150037,451081,80038,34469,3610,20566,12086,7202,5047,24322,254734,82841,192735,48874,35026,721013,5373,17954,288467,11659,7673,79250,88554,86972,330989,23218,644213,91181,121561,141335,65900,81844,2368,22022,360115,3687,9787,4823,4272,4826,5423,3380,38765,31589,2488,275415,20017,5025973,81120,2837,2561,32497,5630
"MES_5_A",8074,203382,414801,183288,134502,10620,30714,22064,23645,9214,73772,331784,138205,224463,69409,43983,522244,9554,51865,358080,12729,22270,148136,20964,112542,511025,30521,575330,101482,79570,103642,53146,105251,5182,65994,901536,7274,9697,5782,4499,6917,7967,5558,40552,55029,6182,519044,17612,5001726,20481,8010,3185,29660,6156
"MES_5_B",12559,280164,736623,246622,214806,10812,32442,27953,30033,14911,93641,546732,208221,358043,94016,58189,1055475,12377,56054,560615,25113,26407,228028,58030,188547,687532,21385,1046228,177906,146052,194297,86991,156243,6639,76989,871055,9542,20105,8688,8610,9854,8836,9255,44373,51376,9400,814337,33414,5144157,268483,9547,5244,43000,10946
"MES_5_C",12735,132767,227479,216038,315206,8802,31108,29877,7315,12818,98502,668799,202885,399291,56784,18890,1184082,10582,75877,639414,29779,26234,151780,539235,230817,844793,21309,1050681,223999,186458,28629,103457,81639,5640,73897,711545,8338,9906,8544,6238,9724,8610,4256,62050,106548,8312,624513,33519,6071884,635699,11280,5585,48585,7130
"MES_5_D",23321,546902,1156950,333948,233896,15427,69944,37986,32880,20625,166555,604885,245548,345041,183209,141158,1291286,16927,70402,523641,40299,48728,301743,79834,209442,655195,35263,1933395,241037,328249,384171,137179,284404,9316,122595,1269543,13104,33074,14546,13737,15231,16867,12878,99638,56422,17868,978774,34034,13292342,215700,14801,8568,79461,18919
"MES_5_E",5000,268560,765671,224092,43834,7028,77361,31892,13924,8487,24281,175217,162794,391887,102636,70049,1582282,11436,89625,772322,16857,10545,84298,16396,64465,758320,54974,152302,124225,134772,152354,131102,101890,4169,30330,626505,8013,16535,21130,7469,8865,11985,6564,58506,537853,3584,485267,34471,6410283,17534,4992,7878,83532,9134
"MES_5_F",3836,130812,300992,84206,42646,3984,15364,11086,18899,5045,23747,199912,87407,160891,39668,33345,483110,4912,15589,247630,12006,7922,73886,48674,68382,298039,16508,459665,69038,50448,118167,50156,63808,2254,22594,356046,3587,8062,4056,3306,4245,5394,3624,26445,12233,2354,298469,15669,3214004,49317,2643,2125,19797,4067
"MES_6_A",6286,219486,409122,126766,101512,8306,34074,20428,13275,7890,46777,253270,140726,210254,81242,61163,530323,7661,37872,312047,16547,14667,89074,20720,85640,477799,38915,537307,99637,94406,183007,57397,108592,4221,43905,695835,6784,11299,7292,4965,7525,10720,5800,40613,39431,5495,354331,16844,4937092,24100,5835,3192,33264,6313
"MES_6_B",8302,239095,459078,105157,145099,5785,23357,18185,15510,8993,51721,316011,138000,198980,77083,54649,615077,7096,24636,292249,17589,15491,108029,35769,109627,377749,17449,695281,110468,107421,160490,60187,124483,3916,43475,453209,6386,16013,6246,6001,6688,7711,6944,33666,21785,7244,339896,19309,4249758,131936,6099,3914,28658,7738
"MES_6_C",11899,242361,268761,93856,284815,7204,35889,23439,9467,10239,53291,289675,96329,164163,84598,27752,907635,9667,51587,267194,20013,17940,76473,239660,103361,326145,85882,948203,246663,247647,98629,121036,112447,4743,48294,438692,6558,13488,11926,8244,10968,12656,5207,67504,65448,8351,256923,15020,6042935,1309640,8917,6518,63421,10207
"MES_6_D",6731,233206,392559,77804,94591,4707,27062,14723,10150,7138,38377,220704,108326,149062,80140,47367,564795,5215,18312,209434,17431,12110,69320,35069,75008,288952,17964,662943,101594,107545,165319,55392,120324,3053,31444,345915,4889,14361,6953,5425,6496,7950,5664,38943,20056,6376,238913,14435,4977483,114292,4446,3667,29490,7053
"MES_6_E",4530,343116,417266,114054,58513,5474,67857,26189,8219,5444,27293,128222,79773,165871,94607,43303,706855,8552,38955,327787,13136,10683,49562,9921,46905,346237,52655,112675,76169,118286,137618,74561,136230,2549,32713,404088,5465,17008,11194,6665,8470,12197,4864,58148,281608,3755,253837,13986,6749012,13624,4742,5777,42913,7674
"MES_6_F",3359,119819,216862,72294,32794,3412,13494,12086,7029,4335,24170,162898,86679,173196,39317,36494,379669,4424,16129,288687,8994,8187,68153,35906,54740,347102,16183,369026,48303,49138,94615,39110,62795,2076,24944,381120,3891,8257,4056,2952,3387,4638,3232,22971,13895,2516,261271,14861,2966782,45672,2898,1713,16158,3790
"MES_7_A",10264,288321,534517,269937,162849,12022,45285,29948,12940,12625,62203,361229,196950,273882,115789,89969,848279,12186,60290,407320,28433,23353,134432,43268,124094,604944,71013,800200,162243,148670,300219,93280,177839,6229,64636,927414,9818,16335,10649,7334,10465,16369,7987,61290,95587,8450,695915,22655,7331629,75865,8471,5065,49547,9109
"MES_7_B",12638,352370,670475,191943,191597,9581,30739,28637,18049,14380,68288,413024,202366,276227,95739,100584,990975,11021,44142,421234,27628,25687,173903,56341,143651,525328,26794,1077197,159181,166275,268876,89636,153477,6165,68856,711773,10099,22733,10197,8910,9334,12193,9400,53094,44183,11000,611104,27137,6675270,243780,9025,5878,44824,12233
"MES_7_C",11316,191252,177056,210048,228139,8993,29680,21466,17979,10940,61712,316429,143823,263985,80747,74094,953462,8817,34198,403012,23276,21091,96292,34766,107695,546735,26613,643265,140077,138322,126989,65441,98625,5144,56793,515913,7781,14880,7918,6557,9161,10012,6843,40744,42745,8097,572993,23142,4881160,475775,8658,3967,27859,9351
"MES_7_D",9586,225509,428942,245673,101488,8829,29710,22425,12214,11533,62340,328254,157854,216547,95319,95139,739415,9519,42582,338736,25317,21651,161010,45683,112292,424127,23536,813032,123272,108092,223629,73960,139783,5312,60921,756227,8414,19723,9171,8020,8248,10541,7418,43537,34000,8663,740273,20417,5672314,128513,6964,4450,34032,10707
"MES_7_E",9087,338379,358292,361555,72428,11237,70401,33463,11953,10938,57325,234589,111009,285532,107484,99018,774987,14167,94956,610455,17776,25011,126350,10402,83291,616132,70802,123147,83582,151966,161804,87303,153845,5143,80592,1010625,10554,21369,14527,8292,10204,14542,7880,63512,326971,5835,799005,21904,6840348,17830,9077,11445,49632,10585
"MES_7_F",6549,184116,389087,287228,49357,6519,30327,26156,10909,9515,39008,221754,172925,325741,84377,106860,994436,13057,44900,547439,19334,15476,183938,218983,76931,617832,33543,1118803,106893,56772,116824,99290,113659,5122,55987,1112718,7990,18352,14058,7648,6357,9072,9612,43085,157329,9025,869739,30700,6086640,74480,5799,7952,45494,9191
"pH10_1_A",11589,52631,1680594,345568,35177,19196,14186,59292,2502,5601,2143,241492,22390,91403,28404,6075,202273,3803,14095,187213,12163,3044,9271,65938,77876,190391,13701,2738627,230198,77737,285323,77424,95043,8070,14798,13186,7226,5398,6999,4376,10978,8858,1560,17419,56376,2832,125827,7784,316675,217036,4070,4292,53881,3343
"pH10_1_B",8290,80901,2013193,247553,29131,11319,9609,43654,2550,5960,1753,195782,36836,147753,18548,5115,147516,3985,8699,267118,7770,2361,7570,145953,60697,239168,14773,3360296,228711,52695,225068,79557,96323,5846,11172,7679,5024,5821,6496,4641,11024,8496,1827,13639,41709,3678,108437,15067,278991,413178,1869,4809,45912,3438
"pH10_1_C",12822,38329,1482595,145607,32635,11265,9345,45598,1912,5107,2353,148973,29836,121594,16091,5633,207108,2819,7296,211237,10236,4395,7828,82713,46259,232833,10333,3055706,173063,60778,101772,63243,46739,4421,20890,14369,3019,4678,5092,3621,8841,6476,1297,14028,50197,4358,102023,11406,241028,260917,5286,3149,51914,2895
"pH10_1_D",6006,17178,1113108,46090,19523,4506,3749,19869,981,2520,1455,89827,23488,80391,7350,3233,69262,1488,4047,152972,6168,2229,3943,65979,28352,159214,5526,2503162,84575,16587,46844,33636,17136,1895,10593,5006,1636,2319,2409,1744,4500,2968,738,4728,31467,2726,43886,7461,93589,156683,2952,1524,20435,1392
"pH10_1_E",44435,228632,5517800,469209,150141,73829,32532,210362,3086,8227,8860,397047,37444,156178,56999,8500,720346,3740,18463,443641,17424,13644,16810,25188,126105,250880,9640,851940,193144,116544,363662,147785,133272,13582,52452,72674,8780,7231,7278,4059,17977,10071,1632,33551,204113,6377,272977,15837,253677,40322,28818,3812,116420,3967
"pH10_1_F",4121,41178,1528778,26114,13432,5534,4200,9334,1106,2754,834,46907,9404,35966,7036,2937,227539,1626,4094,47493,4716,1528,2925,110822,14221,43315,7552,2475996,112690,51414,95449,52428,12648,1860,5624,3046,1173,2661,2991,2163,4999,3952,772,17853,20118,1621,21545,4454,114488,223133,2591,2157,28494,1572
"pH10_2_A",19993,28666,2077783,434174,38905,25963,12037,74325,2141,7121,2697,240764,50254,251775,25732,7835,146334,3308,13595,451740,17554,5853,10167,70321,78898,402919,8583,3311670,140416,83023,317102,124664,78622,9300,29416,26333,5673,5118,4812,3586,9847,6818,1478,8047,112427,3866,249954,25446,132784,26304,4742,2872,53844,3491
"pH10_2_B",5636,449955,1477594,262008,16720,24082,18731,63767,4395,7796,1351,158144,34602,143203,38256,26932,255326,6315,40812,249141,38663,2217,13087,131323,48866,231745,14413,806795,234054,221266,1193042,142669,160767,9323,8645,11543,6902,10984,12779,8141,14821,15068,9758,66094,31801,2764,114578,14706,1983820,122641,1257,7510,71398,9821
"pH10_2_C",18770,187630,3689007,303673,46087,18523,19201,105311,3869,9188,2761,275383,70829,377015,32616,10082,548628,5633,14082,582604,19464,6550,13404,199126,85787,805584,20402,3796109,349989,150017,296687,292947,170135,6669,31183,22406,7658,11572,10903,8022,24559,15671,2604,48238,73955,5973,187475,29959,473471,566507,6399,6683,101530,6994
"pH10_2_D",15594,73267,4406967,181679,50477,7044,7106,80925,1741,5556,2602,230950,70110,318267,15680,5999,500352,3017,8306,503236,11802,6436,8480,172965,75415,641916,8198,4727137,117761,59566,117425,164283,85021,2800,26622,13504,3970,4238,3515,2684,7855,5132,1302,16653,61332,6548,145815,27767,209388,598486,5440,2508,38422,2242
"pH10_2_E",50935,451488,13588433,912014,175542,62477,45143,374068,4412,15589,9486,668868,71448,362519,98831,15900,1768886,6604,27791,944272,26495,18948,22835,37376,222834,415174,17962,1027290,391728,251235,446968,519594,429734,15043,68995,89184,13770,13557,12828,7373,30812,19552,2860,66901,249972,8833,517833,44314,274190,53211,26337,5840,185850,7855
"pH10_2_F",11167,92891,3627510,128163,34424,6758,6956,68752,2202,5717,1890,219456,67557,319109,13492,5237,408404,3567,10363,582803,11410,5367,7958,169484,69383,644867,10544,3095521,165036,55571,133677,174061,62654,2717,20881,10698,4592,4700,4623,3390,8217,6153,1567,23472,48960,4439,84016,26030,160514,355900,4102,3522,39739,2614
"pH10_3_A",9411,987616,1934496,233023,30982,31588,52020,97585,4720,7494,2173,222998,29466,133105,53639,54301,576944,7043,23856,249019,22591,3320,15341,103974,69270,262979,17845,209755,312751,90944,881543,171853,254548,12442,12173,12040,9238,12442,17675,9800,25101,20732,11387,176117,58372,2778,130085,11297,1842424,66105,2966,16590,75412,12294
"pH10_3_B",11334,969741,1655290,292055,35086,38084,23813,95937,4400,10909,2517,281693,44233,175599,41752,55914,262502,7441,23497,368389,29003,4206,18106,127685,91313,337301,15305,51539,252419,106744,795133,183980,257889,10463,15988,12886,9933,13310,14917,10057,29449,19661,10883,132846,56146,4569,144685,15704,1415472,95012,2498,10830,63445,12762
"pH10_3_C",13708,1129526,2537839,256750,35404,29183,74327,92575,5484,10841,1735,193331,47217,245111,49111,40348,603793,7991,18133,346633,24580,4889,22933,164934,59026,476240,21762,2389514,367835,124775,832977,258961,205578,8502,18510,15297,9790,14802,20242,10234,19898,23396,17483,324289,51929,4022,148702,21623,1895788,335186,4754,13328,105284,9718
"pH10_3_D",11060,709712,2527645,165694,29691,15444,30684,70184,3104,6565,2131,144648,49829,209103,26097,16168,505553,4584,12708,250800,17020,5427,16557,107398,45521,397137,11065,2380745,167802,92849,501337,151650,111997,3975,20508,10769,6062,7725,8312,5426,11233,10082,6043,230056,41132,4882,115087,20133,558317,611304,3491,3840,44855,5500
"pH10_3_F",10156,472446,3653380,234068,29091,14238,12716,84085,3186,7848,1853,196818,69153,325686,24971,10171,679783,5085,12667,454441,18484,5074,10985,148317,61872,613592,13455,2387707,212699,99707,496289,236312,116205,4233,21790,13516,6398,8725,7699,5526,13717,9917,3017,205756,51929,4329,134287,29857,184473,606969,3649,4372,57351,5214
"pH10_4_A",11317,1268167,3334346,347185,39885,57330,60052,205774,5447,8901,3025,303583,44724,212781,62751,97043,717747,8429,27368,430805,36658,5005,19695,109461,95523,455214,18703,20365,319135,116004,1435921,212486,392836,18611,21611,19548,14656,21938,26919,14941,46132,31489,12682,264868,93588,3107,193191,16617,2140682,52910,4900,26130,116985,20834
"pH10_4_B",8839,1247764,2741168,252566,30646,31653,24201,105612,3763,8330,2579,240021,56100,234415,29932,50350,349877,5951,16343,408276,25999,4719,17592,115707,77284,424461,12115,14863,194322,99269,1012024,211376,248769,6675,19102,10763,9478,15155,18059,9748,26443,19974,10258,230435,53780,3935,140426,22657,1347824,86262,3089,16882,63420,13880
"pH10_4_C",13000,1091708,2675385,265998,33631,29183,69507,113085,5620,10284,2101,192496,55725,278274,36381,40990,735620,8275,19933,371172,28630,5377,21473,129017,58546,521083,21341,55730,362753,140714,1054108,289213,203660,7937,19959,16823,9523,18397,25196,13170,33741,26544,13123,354436,52638,4347,158478,26366,1936466,250643,5086,29807,101649,15966
"pH10_4_D",13462,1358794,3323241,305704,37748,30826,66041,157894,5630,10963,3044,218305,101696,420045,53386,44503,825327,7815,21187,481314,35968,7651,24783,112663,67126,745800,15821,174785,247884,105025,806808,222886,241936,6266,29071,19055,13208,19984,18467,11093,25244,20509,15588,315204,61914,6410,203102,42391,1160574,596646,4931,17152,62160,13480
"pH10_4_E",11995,1460055,4356693,264291,49105,35619,72221,362717,5402,8982,2172,268168,34574,149763,59766,79674,1366204,6753,18704,383133,30547,5275,10623,29806,86280,247707,17562,16615,352117,117227,1011773,218496,252861,13404,13144,22658,14846,17406,25036,11391,47949,29050,16494,391798,98859,2534,148792,14429,1109998,18467,6179,24981,102259,14295
"pH10_4_F",19831,1993912,5877754,477982,53468,41504,84668,250039,8974,19539,3755,373219,153554,695441,72469,68743,1529167,13831,34302,940091,66641,10599,34635,239320,117702,1343150,33400,306818,554056,190581,1371461,473315,359651,10032,38395,27957,18750,30603,32833,18740,38861,35329,26321,696321,92300,8812,232899,62538,1263208,734373,7018,24975,133798,20668
"pH10_5_F",23184,2761942,8423739,581691,68546,52756,111502,399523,9915,21886,4702,351929,167993,662017,82617,79986,1938859,14696,35785,890270,69237,12741,40600,254393,110691,1205669,33515,109277,531108,248082,1816760,494921,501050,11025,51066,34772,24476,45617,46215,25816,63685,47874,30935,970155,100970,9848,255682,65572,1901211,931051,8947,59939,176551,33819
"pH10_6_A",16265,865335,2162808,914306,63975,141315,82047,341396,4991,11709,4567,714019,81356,330709,47646,44322,772748,10085,49652,677970,63564,7446,25717,45299,231864,718313,4798,6867,70493,188359,1973289,141667,278155,57861,35747,38684,23709,26874,22793,12318,55903,32782,13838,94543,169904,3901,404946,24897,1817027,41925,6113,37534,106650,19002
"pH10_6_B",14306,694440,2172827,1217895,53966,138868,32153,244512,4527,14631,6502,607272,84857,329801,55310,55840,488362,10693,57039,639134,85457,8782,31193,58677,201818,575131,3133,6262,27560,339348,2344547,168022,319064,47288,50191,61219,17727,43353,24800,20578,34476,35952,11216,66431,115715,7923,514000,32794,1630149,51958,5552,33858,100711,36048
"pH10_6_C",32432,1834403,4183143,1345064,100760,166180,110132,476023,7893,24124,8174,672989,131358,537678,65764,74725,1214928,14570,55075,911593,96269,14641,47162,123035,211508,962250,7579,9720,97675,357309,3058600,297624,537529,44955,74924,62484,29489,74530,59868,30215,103198,82104,24595,421637,193128,8514,721148,52745,1990541,178502,11300,85645,160550,47071
"pH10_6_D",25085,1475783,4243774,921663,79817,79848,99195,315725,6733,19362,7279,451153,143928,544677,62077,72807,881628,11851,43372,730551,80789,15547,43550,100772,144725,910449,7494,11749,105245,228637,2164600,295958,380430,13638,73162,51077,23001,63001,47465,29968,75377,52868,27630,442842,142962,10690,605516,57907,1470642,224501,9895,72192,100585,49863
"pH10_6_E",34713,1996167,4479122,1128355,144898,106543,141626,884478,6898,18051,8200,634423,86696,436939,70302,72804,2166564,10325,37414,773516,59699,16946,26263,12243,203968,518129,9413,8526,191151,311960,1888571,285738,432086,43273,65875,73256,27488,53446,57181,24310,103265,67906,26367,795826,261872,5911,590945,55222,1545639,25480,18355,73740,145835,38179
"pH10_6_F",15381,1079020,3395765,458331,46073,41655,57740,227343,4411,12697,3228,295429,97953,382170,43500,37664,898053,7336,22356,567416,52065,8482,24075,83940,93751,683183,8384,10924,121108,151344,1121279,175873,257883,6364,37165,24599,14364,34903,26252,14029,39694,28481,14908,398388,74499,6282,227561,36808,764626,328093,5494,37557,75956,20907
"pH10_7_A",34186,1406507,3549134,1039967,103380,162722,116614,455287,6657,21442,10604,806703,77766,357092,65497,97446,958398,12417,52287,673169,103191,18096,39698,72059,264568,703380,5863,6866,62341,308596,2791341,213089,427071,45830,84896,74671,30684,95216,68237,36311,92788,76586,23981,247284,225703,6591,782103,30935,1306863,69843,13623,72406,164178,55301
"pH10_7_B",25330,2224592,4183365,1112512,102447,114405,65107,324870,7482,30755,10374,778811,159431,603561,57532,76441,930939,14514,62654,869033,105342,20230,54463,84439,251039,1003954,6204,11412,68641,257352,3630341,344808,416301,20388,76988,58834,28295,113427,71231,44633,92776,72084,29391,349619,180373,12707,819805,63453,1223898,100614,10605,80507,151893,74722
"pH10_7_C",31101,2028307,4278980,1185619,98845,160325,147794,401672,8031,26363,9170,843251,121664,493010,68908,74374,1559498,14521,52122,806416,103700,17407,51105,110503,268606,821733,8587,10395,81781,492698,4453360,321162,504798,38044,78858,65486,29780,128514,81785,50499,111198,110738,29705,377083,199842,9007,752622,51265,1760472,116626,12782,94982,213991,79636
"pH10_7_D",31455,1669370,3374656,947236,97353,101044,94035,308742,6615,21390,10400,590557,132245,476060,48947,57195,791860,12075,44799,667093,90436,21485,45038,73087,192864,794412,5240,8205,61257,250865,2561590,267834,355933,16999,95764,59297,25606,80539,56938,34201,77605,56050,27820,291132,169031,12315,681866,50552,1157889,125541,12231,73057,109156,56319
"pH10_7_E",37716,2403495,4014644,1062498,126876,101563,139317,700423,5640,18840,9311,676494,70641,350326,64953,57369,2013598,8835,29899,636428,55384,19410,25646,7659,219511,392816,7372,6906,125225,373078,2755022,247733,354333,38630,61723,73676,28627,91406,71342,32098,145511,92107,20531,374044,244515,5579,592766,45249,1128136,29332,21807,85931,206357,46019
"pH10_7_F",47192,2835413,6517543,1470158,155461,129500,145543,596843,10447,36507,12794,989984,233591,842606,91744,90811,2248757,19371,67466,1295045,170551,31525,69284,135364,321910,1490311,10850,20396,131536,429990,3347246,337000,631711,19800,134834,80344,42402,124572,86533,44468,113033,85042,42410,765698,252385,19481,747255,83777,1769776,431544,17923,121343,203663,67573
"pH6_1_A",65048,39825,350544,1052023,154493,10864,9909,29799,4580,10413,205663,302111,114747,170035,13056,11814,109011,8105,14818,326413,23054,53791,45516,30625,99269,334311,4290,764384,52499,25351,70891,20694,46237,5012,144910,476672,3902,6203,4243,3165,11845,6436,2137,12601,91583,26083,1945604,16814,337617,585709,22919,1502,20948,3732
"pH6_1_B",24712,33296,359302,479682,67912,3767,2688,18894,2467,6118,65886,191317,82359,126519,6197,6505,53625,4670,7444,243358,8494,20744,32265,70332,61231,230029,2728,1588603,27186,8331,28219,10108,20709,2322,64101,212178,1931,1757,1351,986,2545,1890,1386,7810,38684,13084,984690,12730,345707,1587035,7584,642,10117,1130
"pH6_1_C",43149,87010,636900,1069689,110597,8980,9735,41008,4566,11710,107969,296347,120474,238319,13140,12761,95958,7415,14055,423458,21626,40899,43315,86437,92770,438564,5583,3072159,70580,33046,56012,23255,36047,5052,127915,429796,3303,4579,3680,2634,6464,4708,2256,19442,82437,25752,1631585,23403,975520,1441216,16433,1779,32997,3086
"pH6_1_D",79063,27978,261659,1137186,177975,9933,7166,30098,5370,12550,291762,356507,146250,183958,11753,14189,86571,9925,16222,366698,28954,75324,66833,49259,117505,340634,3065,919779,39308,27718,84818,15577,50520,5186,208131,532603,4115,5814,2902,2816,7900,4207,2483,14530,89576,31225,2433272,18658,317976,578619,23960,1138,14534,3456
"pH6_1_E",135208,173790,710052,2515115,427944,29174,35702,78192,9385,18040,383343,539354,71999,167289,38202,21384,257596,14082,24719,326437,34740,94693,76140,25905,186294,225229,7174,349581,98610,49061,159715,49455,105909,11227,244132,767611,7817,13994,12611,7968,38683,18229,3700,42641,221171,46527,3766993,19787,807368,835720,62200,5723,58490,11035
"pH6_1_F",78430,53763,537665,1119969,156712,10114,9311,35112,6919,13491,242541,391352,145377,189812,17684,14825,187355,11978,23987,348011,36482,61364,82987,108033,130587,302041,5158,1477086,74294,37869,172243,30131,75740,5514,176852,604388,4822,10151,4194,4304,12055,6496,3117,37577,106443,21682,2264508,22007,559044,731174,22238,1821,28987,5129
"pH6_2_A",4992,797750,1763772,153846,25216,12983,47198,26616,5986,6414,9381,70652,44632,154815,40694,10584,404840,5148,11146,173987,8752,5575,18345,155860,20996,188980,20242,1167538,221467,138928,383007,98325,71506,4099,17925,98546,3806,8595,9903,5593,11381,10122,2334,78895,21742,4968,191537,19821,3355535,1538989,3907,4819,78858,5051
"pH6_2_B",3273,513722,1070152,81333,20191,3763,6695,18837,2073,6150,7127,66657,42187,169571,20335,5118,143320,2269,4535,167602,10426,3493,10800,127982,20683,148576,6860,953911,99805,87686,154742,31567,26256,1435,11507,53423,1970,4387,3135,2482,5413,3691,1304,33366,11598,2987,148027,24026,1464692,1415652,1765,1807,40158,2478
"pH6_2_C",8867,479747,2095666,294962,51419,8428,15708,48079,4152,9960,24410,149504,101586,471071,28584,11336,236839,4595,8077,394240,20170,10145,23985,181968,46652,339344,13472,2225418,217136,107050,129887,65084,61079,3253,38640,152963,3525,7618,6769,4482,14979,9404,1968,54823,36151,11035,434576,71631,2062387,2409979,6160,4036,85201,4024
"pH6_2_D",10053,153664,1461474,308130,104817,3463,6723,32414,2471,9327,31445,126624,98375,414223,13919,8159,103635,3341,6865,371335,9817,11582,24989,180844,40543,351210,6105,1773174,86166,64457,94892,24380,44666,1795,38447,133113,1990,3804,2982,2041,6512,3824,1376,27610,34611,9628,564083,60265,1050940,2696535,6153,1658,41966,2054
"pH6_2_E",19389,120661,1689656,619513,157083,7801,13440,53837,2740,12788,60146,201541,57536,209127,16110,8804,171999,3854,7732,448773,13796,21202,23396,10996,64233,225580,4450,248870,48323,40048,96679,24300,32866,3150,66533,206768,2367,4136,5649,2195,12264,5927,1366,19057,72321,16781,1003417,25713,231329,2699835,15017,1951,55945,2844
"pH6_2_F",16442,209266,1363048,438806,114882,4334,6873,45918,3579,12261,56538,162009,110895,432528,17399,10644,120925,5080,11177,414193,15106,19340,41127,264099,53011,406842,7040,2550560,87680,70282,98543,33080,66903,2649,73387,237929,2629,4744,3609,2514,8544,4820,1841,55646,37868,14642,803927,61910,1321287,3745114,9170,1787,46261,2803
"pH6_3_A",4600,683656,1637337,148638,18308,15250,55873,32219,11753,5906,7609,95693,33717,125206,42610,43528,476657,5543,13588,178244,15023,5240,24185,122599,28849,212547,15864,1579021,215565,100621,443040,94541,94288,4805,14773,97693,4031,8888,12339,6372,15114,13754,3195,75832,17582,4358,162861,12693,4183192,441893,2962,7585,55129,6832
"pH6_3_B",3840,498498,795009,159608,10824,12088,21303,26811,4187,5755,7151,73222,40579,167160,24938,22132,223774,4316,11435,172307,21603,4185,21395,101319,22800,165732,10169,725988,149976,68039,358683,68474,40445,4008,11962,103477,3208,6706,9424,4524,10192,8238,2290,63865,11762,3443,207962,23395,2586126,411052,1562,4735,35578,5292
"pH6_3_C",4984,995080,1265308,95736,19016,11886,49172,20913,14856,7072,7051,69384,35048,130630,33673,15639,407017,4332,8033,128724,11191,5117,15830,112330,19901,126067,14181,680383,202095,82821,392099,85474,47830,3799,12608,54367,3339,8738,12197,5469,11728,14651,3807,92235,14817,4290,142531,18122,2724508,1057053,2154,4709,67190,5127
"pH6_3_D",9089,1161223,2095616,263592,50024,21838,51850,40324,17773,11066,23734,113548,59747,218822,56174,23805,507798,7066,16485,264626,16611,11967,33556,179373,36208,228986,16645,1118564,240199,134860,613738,100102,93676,6737,37940,132730,4913,15438,12583,8148,15582,13637,5673,145076,26910,8686,403768,29513,4564018,1839057,4470,5782,75567,8120
"pH6_3_E",11181,2111846,2974143,294259,65409,34972,86796,76173,19561,15180,20633,212863,61504,299075,62896,18614,1063907,7636,16967,426628,21703,12375,24421,31616,63285,206067,17521,184729,246942,173361,848123,136604,65850,6801,32636,135786,6506,16045,21020,8744,29672,32286,11079,261068,40923,9136,411912,44069,2285240,1786651,7065,8163,153370,9125
"pH6_3_F",8678,1361028,2353415,238967,42860,17714,45081,33509,34032,11378,20045,98169,52892,187226,48562,16936,543010,7537,15054,204591,18130,9624,33531,218750,29532,171193,20475,1494467,294938,117430,507520,150063,63059,6015,29751,109181,4413,14272,12877,8240,19230,16124,6509,263177,25882,7109,395536,26871,4746103,1190126,4120,6386,84892,7683
"pH6_4_A",4284,822445,1642802,291289,19484,38604,77112,64078,25181,9161,11419,177066,83975,302594,56772,69696,700347,8878,20360,450561,30241,6927,36956,119523,52071,545183,20504,115524,291284,90924,688742,127179,127270,9109,26140,225677,8927,16827,18994,10153,29029,23530,6598,75329,30298,4773,275363,29117,4699362,478416,3751,15002,74819,11397
"pH6_4_B",4263,631303,871849,188332,13294,24409,27386,42987,11886,7905,10104,113857,74457,243189,35592,28571,388410,6310,16357,326596,29398,5708,28737,111777,34234,321278,11922,42837,173355,72128,481002,72524,67061,6800,21926,146868,5876,11562,12173,6150,16737,11249,4208,73679,15743,3942,230683,29540,3019590,752372,2435,7865,44755,7602
"pH6_4_C",4921,836441,1502838,292954,21384,34591,73760,49423,21201,10568,11707,134372,88318,327312,49795,36202,602013,6899,15471,390004,27750,7212,28032,125453,39340,368948,16677,871763,250195,84713,539665,103017,82102,8445,27100,170587,6406,15370,18443,8835,23264,23134,5868,90098,22848,5453,387108,42013,3110792,1251496,3242,10232,91983,9804
"pH6_4_D",3869,701467,1265720,155365,19359,17286,48485,30942,14978,8154,9411,79325,54006,205915,42866,20281,418880,5309,10275,246235,19076,5000,19017,125081,24242,224773,14297,624479,228456,48965,430411,82353,71020,5227,15576,68963,4713,15136,15874,7958,20028,16574,6341,74160,16185,3809,252332,27099,2296603,829432,1913,6838,60302,8484
"pH6_4_E",7568,1678221,1681800,289346,36741,38676,85132,87143,17134,10652,18764,119257,45822,202204,75436,34743,695216,5602,12256,338744,28424,10403,15936,22794,35891,166183,12118,126634,167493,128832,482752,82317,94216,5386,31909,111916,5715,19826,16200,8789,31738,34241,7952,226907,23246,7069,344256,28643,2192259,1131943,5720,14060,99516,10221
"pH6_4_F",5127,527766,837183,184446,22535,17416,33617,37378,15957,7101,14211,82454,50513,155240,34190,28975,286612,4935,11694,240128,16657,7284,22330,87935,25938,198120,8638,542000,122463,63575,267204,57725,64974,4718,24750,107768,4540,9937,9812,4944,12180,10380,4244,80909,13884,5223,273707,19056,2280868,963676,2719,4238,42679,5490
"pH6_5_A",4572,544156,1404530,282056,18756,34919,45233,53862,13178,9054,12626,131331,66484,224431,30828,42623,454063,6012,19854,386893,22031,6934,27793,55593,39192,366905,8278,14668,118752,104520,734881,72869,71911,7885,22292,189247,6685,16100,13627,7546,17797,16016,3353,63131,38645,4805,363720,23236,2646701,575830,2921,12879,78070,9279
"pH6_5_B",4583,670940,989522,313692,17434,38762,29195,58391,10384,9948,17678,140345,90255,277581,29553,30068,441142,6992,20381,470011,29359,7786,36697,74977,42873,385569,8505,12647,127954,99859,616811,71177,66527,8932,31873,222372,6560,16525,15585,7725,20875,14745,5335,82449,27686,5013,424293,32457,2832401,945959,3386,13464,55759,10921
"pH6_5_C",4302,530963,713379,305379,15507,31753,34675,45601,5164,5934,14197,104251,54969,162627,19825,25460,297412,4506,10021,244871,17062,7183,21784,33114,30786,251196,6378,4809,85872,71959,291207,44446,53037,6677,28533,189583,4168,11559,12940,5504,14665,13185,2348,51723,17440,4537,301015,17913,2354103,486979,3343,11477,43598,7305
"pH6_5_D",5371,960114,1459673,244490,23988,25101,52903,48353,13868,8284,17407,91022,70431,248052,42683,35697,532485,5706,13105,337514,19150,8944,26195,113625,28458,292333,11954,91512,174664,100600,593227,83482,90057,6476,31063,123915,5631,17547,16266,7892,21119,15788,4563,116827,25223,6200,353403,31741,4576332,1137720,3599,12041,70150,9755
"pH6_5_E",6816,1517696,1910572,386704,36390,54646,83708,81818,23930,14344,18075,172056,60283,279001,46016,44956,999193,7235,15354,470292,31717,10596,21394,21816,52766,225726,11628,44336,201510,143767,670812,104262,89463,7162,30509,144318,7558,22505,21794,11119,45207,44743,8928,253266,33400,6761,479348,39764,2557187,1119129,6037,25564,124064,15248
"pH6_5_F",5771,669994,1161697,288171,22431,30669,45337,54654,18410,10664,15635,135065,83528,294792,40561,42860,462114,7103,17268,466315,26020,8158,31945,104292,42108,386334,10972,130630,168669,64927,498968,86256,86690,7317,30739,158852,7782,17100,14932,7399,23066,16524,7030,87990,24750,5252,471632,35021,2870920,978299,3235,8965,66291,8600
"pH6_6_A",4810,782394,1635050,356731,18701,39146,42792,57101,10667,11648,16128,166973,98673,293235,34542,32392,597072,7581,21416,450494,28845,8713,43989,93703,48896,376374,10417,9075,148745,112618,864669,90502,91703,10192,34526,205447,7308,25320,23404,10362,33181,20868,6558,101593,31485,5146,496722,36189,3498004,721522,3700,20115,73277,14553
"pH6_6_B",3709,617861,996685,217794,13722,23644,25919,34020,6218,7210,12976,104107,63297,184077,21406,19730,349817,4624,12935,282112,17860,6591,25976,59370,30431,235701,6839,5779,92292,92930,519078,53972,59906,5990,25135,119126,4286,14927,14010,6063,19610,12237,3979,76191,18461,4439,305098,22678,2660729,572122,2752,12170,43885,8566
"pH6_6_D",5582,652628,1347318,256747,22707,26031,39029,44006,6427,9166,20555,118167,69310,215986,29204,24724,412929,5681,14422,331962,17404,9908,28177,73034,36321,268811,8168,11030,119906,89803,621988,63161,76154,6596,31983,123792,5409,21187,16998,8541,27348,16153,5462,82776,28872,6300,425356,26874,3241966,601560,3683,17152,58031,10815
"pH6_6_E",22746,1844428,2454138,751627,62807,83431,136335,175972,20307,28035,38641,328221,85518,316596,61441,59381,1118412,11729,32893,755494,53406,25731,48371,21850,102692,337652,15881,9705,164861,269408,965491,140135,138903,16839,67999,526270,13116,50785,43152,24126,74342,57904,12942,359428,56389,15132,947384,40676,3444961,972387,10832,64831,231186,35823
"pH6_6_F",5874,608421,1270157,322229,22690,28351,42500,42903,9316,10397,21109,126293,65744,199384,31367,31822,464118,6433,16713,325996,20499,10599,32720,79002,39156,244162,9004,9252,134136,83564,525778,75741,74044,6395,37719,160909,5231,19985,20306,8380,29458,18771,5725,106037,31101,5608,534803,25071,3105014,803569,3915,18438,65654,11834
"pH6_7_A",10745,827178,1679324,615629,42254,78211,65063,125287,9289,15859,33724,351295,115460,349226,36772,52039,580715,10246,33024,676714,45453,16386,58430,45487,110649,593059,6839,6794,73091,174038,1394144,69082,110153,17531,65744,442423,11585,42288,25545,15340,35119,28502,8689,92985,108472,12048,758054,34479,3443394,348191,7128,30558,101460,20308
"pH6_7_B",10941,1215755,1589413,610825,45772,76369,73132,120686,9886,17346,30376,282169,59998,239167,36032,42884,694085,7861,18317,522473,37684,16696,29916,9967,88775,246454,8573,3895,84857,163012,767930,71155,90082,12530,51703,247575,9516,39146,26054,14145,52866,46556,8494,165181,47929,9152,782533,30897,2151348,375877,7685,34367,105776,19567
"pH6_7_C",11107,915246,1833144,689689,39801,73475,68057,96095,10110,16189,36085,278019,110712,350364,37061,37399,517781,9398,20745,571923,39785,18051,50320,57440,83500,499589,7958,7666,98288,107636,767823,67833,113329,14753,74072,326510,9836,43440,26141,13110,45295,32935,7413,91187,45343,9757,971764,40070,3291270,309630,7359,28324,92998,16242
"pH6_7_D",11039,852809,1676597,694476,44443,62984,64585,83227,9313,17800,45908,275383,121742,354729,34984,44853,600302,10736,27230,605689,42414,22197,65266,64492,87475,473625,7294,7349,90855,185459,1212088,71973,108878,15476,77095,361566,8962,42028,27962,14000,39123,25622,8453,118689,64770,14035,1025689,41910,3666530,427118,7872,32143,84090,19280
"pH6_7_F",10967,737595,1530986,586731,42331,52533,55664,82639,10878,17245,40801,239257,110487,325526,32808,55358,554106,10274,28211,607478,38873,21260,59800,78276,76005,457618,7306,5792,91246,111195,926226,79630,96627,11615,72723,292755,10521,33861,23481,10684,35855,21531,7904,118558,65057,9639,965108,37328,3621968,501690,7291,25793,82842,14862
"pH8_1_A",1346,362738,884267,17283,3455,3366,22117,5946,4743,2633,920,14703,6670,29778,28180,3293,188990,2649,3707,25077,4965,775,4140,112453,3789,24237,13508,1749865,193912,102124,136810,72368,37096,1931,1755,8053,1005,4613,7638,3742,8179,7174,1566,56542,4620,1104,16013,3810,2381914,158096,1067,3607,44038,3063
"pH8_1_B",2055,281211,789784,20919,8633,1299,4539,9721,1195,1979,1677,11861,8463,36623,8852,2931,43975,1386,2356,21385,1960,1323,3031,180197,3118,28091,6841,4167150,96414,50349,42691,30006,31899,1194,2901,10865,713,2755,2839,1878,5703,3829,761,31639,3854,1797,26746,5477,2199978,853670,1028,2252,21529,1623
"pH8_1_C",1394,58994,413365,26467,5647,1177,4331,7112,883,2090,1254,17992,10521,39984,5392,2401,52107,1049,1544,44367,3385,1004,3111,59283,5137,46348,5259,2031121,79386,15458,23557,21308,12378,896,2873,10765,436,1780,2281,1541,4287,2886,518,9679,6508,1262,34736,4723,578870,456150,1207,1465,17842,1261
"pH8_1_D",16453,32253,370142,271825,49577,3787,6513,16641,1973,5551,53520,161352,47296,80957,11023,5409,64289,3653,7288,168813,9631,19224,24073,86409,52730,161125,3982,1871150,56314,26101,68539,17181,42495,2107,69655,149438,1474,3554,2356,2072,4106,3061,1209,12039,41759,11738,545428,7445,375348,691302,9163,1266,16232,2280
"pH8_1_E",145652,950760,5312267,1859340,607530,50431,84131,196674,11858,25082,311455,724647,72742,211427,129045,22537,624124,16451,32378,425663,28792,111113,127006,80875,234278,256158,21220,2379171,331815,112671,247136,125775,227173,18981,367367,669901,9360,21031,25418,14114,49665,27304,5208,114703,551858,74256,2559945,26764,2920070,4529234,161601,13960,182164,17622
"pH8_1_F",94317,211568,2303031,1471379,262799,18469,26483,122014,12163,27724,236829,726627,254310,456724,63515,25386,384200,19593,42230,987961,43827,106505,130792,566304,239821,892129,17261,10738643,257521,118899,344271,91985,256226,10770,375685,787543,8440,19229,10750,9865,24776,16254,6304,118317,178687,46824,2637759,44727,2331469,2534291,48949,6120,93124,10495
"pH8_2_A",4813,497025,976338,187284,13861,11349,36689,36458,5179,5080,3208,109131,34025,124068,33994,24249,280759,5148,12472,212865,11850,3922,14204,103677,31700,239110,11513,1811234,158836,79286,207598,64602,59127,3920,11169,78004,4421,5869,8681,4131,9198,10116,2963,82391,19239,4367,172710,10941,2495040,326748,2147,3977,36496,4059
"pH8_2_B",6957,768498,1341413,164746,18546,16684,30980,43796,5363,8523,5936,101166,50321,202199,51767,10215,259489,7643,15725,292544,21845,4496,17078,307740,31033,284445,21495,5083211,348319,167674,497835,155648,107905,6969,12057,189837,4179,14721,20759,10070,18037,16555,8010,175560,17891,6950,180140,23260,5850773,563470,1757,11544,87850,10302
"pH8_2_C",8242,1096216,1881457,153566,19309,12144,48592,40952,6457,7024,6605,110414,40877,130881,42224,11728,381245,5520,10286,173933,10597,6408,17861,185415,32064,161370,17608,2894495,245333,129920,287185,101292,60155,5017,18369,79764,3616,9699,12543,6377,15281,14063,6491,146430,19777,7916,174525,16439,3522701,1409774,3145,5630,75021,5727
"pH8_2_D",8471,56011,1100710,232493,31314,2756,5603,29930,1805,7163,19265,119572,84906,307973,11077,6656,49382,2785,5603,399944,8842,10421,17779,171682,37297,330964,5135,2452988,66217,38411,60918,18807,27808,1814,39739,107507,1447,3214,2245,1832,7082,3437,1119,16401,19904,9271,409512,40478,435381,2760175,5019,1360,26070,1817
"pH8_2_E",17045,342305,3748417,525861,83032,7344,10894,86257,2863,15074,31556,268218,68423,351509,17333,7239,273390,4043,7621,720592,10353,17430,20535,18061,85593,314240,5779,710715,90611,23566,38557,52609,24741,2765,63713,150932,2713,3164,3731,1960,13676,6258,1353,25810,74538,12747,749828,44833,340378,1806191,14209,2001,54889,2035
"pH8_2_F",8945,132045,1282513,244814,24581,2829,5408,40288,2218,8887,14122,151477,98731,375996,12842,7257,85807,3733,7876,548324,12243,8412,22700,221926,49378,485794,6655,3052620,85176,46977,70133,29693,44957,1964,36838,103891,2178,4012,2961,2305,8797,4437,1445,34621,25030,6743,371694,45213,715466,2549100,4148,1772,33936,2316
"pH8_3_A",9411,800035,1392421,189723,17616,22535,92200,53500,15997,10786,5860,124612,53859,180780,65979,41090,545255,5893,17457,311575,24401,6351,20539,119941,37147,304800,15320,946832,156254,114319,583455,94201,84942,5703,18903,123269,6403,15992,13892,7410,16056,17329,5680,139802,19426,4436,206434,18581,2608099,1454470,2981,7209,79554,7527
"pH8_3_B",7533,491528,1070142,257697,21367,30042,29226,59625,6368,10320,9501,196436,71664,268581,45310,18655,307690,9172,28278,460586,32238,7448,34994,143716,63900,417001,15826,193121,266812,120058,444726,147893,104654,9795,24080,278142,7166,12702,18915,8976,23644,14792,5239,106893,31580,7331,282451,28661,3809637,722303,2725,12292,66705,10915
"pH8_3_C",7165,504760,1184205,219592,16578,15497,72823,36387,6299,8330,6457,140912,50024,161534,45829,21019,435446,6648,12493,222765,22428,6623,21377,128300,42504,254762,16295,726673,249060,71075,365126,104972,77013,5741,18595,123484,4669,12011,15797,7952,19396,18838,4864,104698,23125,5511,257563,17240,3258345,632843,2664,10946,65205,8178
"pH8_3_D",8980,669962,1945815,274181,25191,23500,31906,44769,7349,12134,12112,167047,96349,293654,37274,14239,256257,7452,13457,359208,19176,8838,30901,150986,50101,392157,13403,1530181,219445,63544,486956,115353,61022,7286,30940,97587,5991,10380,8823,6249,18808,11883,5082,128672,32233,7025,393299,36171,2020938,1196918,3230,4582,55317,5737
"pH8_3_E",12669,1969099,2605839,324471,43281,34497,64020,91290,13665,13784,15089,215431,45225,203658,76292,17888,809001,7147,13432,353018,18951,11630,20972,35339,65365,181248,13200,313655,201622,118359,419168,116103,63614,7351,36286,105389,7970,12444,17988,6753,28166,26531,8861,293888,42382,7465,434596,28359,1837663,1640573,6581,6546,93548,7075
"pH8_3_F",6221,671691,1588422,183378,14078,13202,22153,25321,5369,8077,7296,95136,51166,169372,27330,9566,271282,4562,11239,176928,12341,6513,22350,109665,28783,183033,11039,1493090,150292,89110,400822,102148,44012,4042,23394,66057,3397,7985,7197,4528,13296,9069,4251,201075,18998,4223,257337,23200,1621068,1565226,2345,3296,47783,4486
"pH8_4_A",10793,1434743,2768928,412766,35167,38923,98158,145698,13779,11020,13600,238743,103215,325010,81674,98296,665961,9866,23775,489326,32065,12392,36634,151284,69838,634526,20811,38784,251416,160153,953527,134816,185093,8559,49209,212261,12094,25343,25948,13195,37129,28435,5746,168701,40479,10506,341095,29906,7108228,734964,6940,22803,74040,17189
"pH8_4_B",6798,932674,1713534,271913,18185,21143,43373,64007,7266,8175,8426,149538,82423,292383,58598,33955,301047,6682,17190,387178,38013,7505,30199,154897,46217,394190,11349,25906,173066,137829,790503,132491,110171,6095,32295,152738,6556,19150,18831,8445,26681,15799,4884,139285,19916,6354,256808,35305,4610725,707959,3414,12740,54114,10836
"pH8_4_C",9898,608135,1356978,315413,21564,26033,61339,82439,6238,8451,7024,225415,90136,318235,43248,22640,419566,7154,14590,506676,21383,7719,24388,97599,69684,549058,10679,52656,170358,87069,390248,87999,102541,8183,25844,212004,6812,21011,18267,9080,31229,20756,5181,98750,36664,8434,328278,31471,3077545,297297,3358,18760,73147,11183
"pH8_4_D",5306,1022077,1774891,176299,14898,17821,57095,44437,8025,7633,6646,69655,66549,222944,60804,26602,320768,5366,10135,265469,16124,5519,16883,131426,20358,286269,14198,1022789,215400,87254,596077,101917,102491,5300,21800,59814,5224,16673,15375,8033,21735,17511,7431,196268,13325,5045,224343,27524,2643736,1354027,2592,7477,60869,8676
"pH8_4_E",9628,1876036,2785670,366758,46511,45964,105169,145582,26015,14111,14041,189816,66905,314932,109099,46104,911562,8164,13062,469443,40038,11630,19270,40632,56414,295369,15060,237750,244047,118503,424596,137518,118696,6810,45801,99520,8442,18674,19668,10123,42577,37348,9355,278708,34906,6865,443242,43365,2731065,1106926,7924,18307,81895,12406
"pH8_4_F",18336,1401191,2336815,495512,41885,44080,62767,101188,11895,18315,21050,215080,137222,395959,63379,59391,437113,11219,27626,576127,39106,17995,46237,163785,64006,595968,17654,1328324,248943,126112,651589,137952,129192,10650,72985,184328,11603,19212,19956,9733,28044,21185,11660,332106,37394,12352,685567,44586,3581463,1865771,7234,8650,76851,10648
"pH8_5_A",6913,869631,1798284,462982,27744,53032,61708,110824,10521,10515,16559,210296,87547,275806,44040,54593,517172,7708,22291,401173,30379,11395,33094,86164,61571,498518,11834,9709,134520,116212,874492,88047,129061,7820,54473,194583,9938,21973,21530,10042,30579,21649,6220,106359,40650,7081,445775,26751,3867467,408583,5991,17927,59726,13589
"pH8_5_B",13237,1206371,2285604,491430,38436,46563,55651,83703,11815,16681,20441,291727,117837,349774,51592,42074,481364,11504,31483,509656,44517,16622,60310,158716,89250,470677,12370,21836,171146,215092,1470639,139616,160563,12690,65841,253746,10281,33872,32323,13033,34494,22407,8875,189280,42038,11321,623423,42128,4719409,1290324,6535,23477,77619,17417
"pH8_5_C",12269,795896,1921526,700014,37203,62579,78841,124242,7996,14974,18898,431601,162381,511900,54458,31246,643880,10244,22275,762908,40039,15212,46056,109857,130177,808819,13031,21958,189521,127460,770710,106597,165273,17089,68569,389022,10545,38253,30443,14271,50014,36379,7593,130241,64079,10603,692261,54464,3275809,504424,7003,29396,94865,18367
"pH8_5_D",13943,1526412,3277553,480892,40213,46669,94744,88246,12311,17338,22252,225829,116147,359875,91603,49211,582681,10885,25690,464066,38096,16497,45037,184716,69028,470299,17071,74636,264831,136639,1176331,171554,207982,11971,58766,182491,10681,39700,29573,15579,53314,31245,13372,291562,38933,12194,652831,44667,4912580,1247656,6155,26106,108692,18695
"pH8_5_E",19614,1792958,2632208,645007,66583,80183,127144,195855,35675,22736,20315,366978,87261,369694,78872,60364,1025593,12158,23217,721700,49919,18214,33617,36098,110098,384146,14321,22196,218354,131353,700704,132392,147315,14906,61169,212072,13633,29003,28265,13729,60629,45814,12730,358844,62091,9793,760869,47938,2650537,1052855,9274,41134,129680,17413
"pH8_5_F",10793,1004194,2551248,431059,28103,37086,72128,58991,8504,16982,15543,188809,94292,281287,56148,49819,619332,9662,23148,322729,35955,13931,44200,148125,57721,333812,18142,68261,263903,155253,1164485,181026,142433,8561,48864,159207,8342,31174,30149,14604,43958,27679,10442,340853,30844,8300,545404,36119,3607783,1656202,5295,27702,98300,18519
"pH8_6_A",12096,641831,2129877,790388,40746,56598,62889,184027,6362,10769,21572,368212,111726,355355,53677,40676,545299,8952,20138,581228,38548,17209,41693,63176,113966,669291,11113,8419,92533,141334,720244,95082,153424,10797,82809,468642,10825,34433,25463,14263,43975,30305,6483,79534,59612,11019,643904,33936,3537996,270999,8245,33126,60960,21376
"pH8_6_B",12654,771871,1659693,517767,33929,51151,37325,107390,7134,14478,22373,277098,130117,363346,36516,37159,365874,10089,28077,628666,41041,17854,51520,94700,84454,569717,6382,7261,87157,135706,952210,76700,136578,14626,92648,295629,10390,35134,22526,12603,31591,18036,8812,120194,39581,10169,620324,39313,2234720,714977,8332,18780,70280,17607
"pH8_6_C",11780,724277,1770164,475911,28146,38725,69046,80052,5515,11328,15160,276248,105648,288245,31511,24239,543312,6723,14541,403170,23747,13378,35514,86010,82067,416998,8916,16542,116017,148488,860651,81480,113491,10140,56555,251605,6531,38564,28088,12906,40415,29810,6677,129033,38838,11519,475293,33015,1943560,453491,5832,31564,83268,16246
"pH8_6_D",9148,742524,1870387,560669,29424,49139,57080,87977,6460,13830,21565,182214,111499,337832,44485,42643,387537,8306,20910,449589,33512,14392,37782,96065,55302,492572,8654,9530,121642,97326,836761,85165,124846,11563,64948,178722,9436,30175,23992,11144,43511,26361,10818,191830,33572,9113,754198,39042,2548321,496169,6596,24753,68374,15090
"pH8_6_E",19830,1909449,3001619,867742,72171,91947,142357,286545,14930,23212,24839,380722,88739,383335,57425,60000,1015329,11832,23595,717593,52136,20535,36979,32620,116853,447404,10967,7452,170178,149459,850536,135008,131178,17684,73789,269706,14274,41511,34511,16098,73909,54390,14371,348124,75544,11666,912429,48759,2473422,628701,11047,61088,131960,20486
"pH8_6_F",12147,876973,2272335,660669,36839,53272,68591,116363,8494,16594,20101,224197,125843,358639,54240,42189,561275,10423,27703,516421,42816,17357,52207,131877,69474,529540,11196,9923,155435,132121,954530,128275,149017,11895,84905,241972,11235,36158,30320,14050,51554,28796,11040,275120,38645,9739,843071,41859,3572873,773889,7812,29205,87748,18662
"pH8_7_A",25686,1298158,3149523,1018952,64880,127905,137275,161969,13010,35480,42755,638154,143328,446577,56445,80087,1017163,15524,47074,695307,67808,31483,81569,81429,199277,653019,11579,7314,93368,377448,2796941,116665,187169,28259,116120,565839,17469,84630,53262,31258,64053,60211,15410,225709,93576,19659,1291246,50197,2477060,384714,13014,70258,152456,42033
"pH8_7_B",21754,1051761,2826175,1020428,57881,86084,70729,167571,10437,28314,39538,550444,164888,500306,59651,58137,528089,17042,46825,808333,103403,28533,99535,108681,174152,743661,6734,7025,62010,204813,2491412,114475,223076,24555,131703,487409,18900,99662,39521,27179,54786,34674,18693,154186,72686,15991,1342455,55915,2219897,377613,12239,50950,99629,38336
"pH8_7_C",43130,1932899,4364330,1503550,98222,103415,194797,248254,12608,29524,45659,997494,203408,646054,101820,62571,1205369,19554,31189,1045199,89995,38244,107098,149439,316786,1054195,17895,33140,140349,423716,2488864,183358,462689,31901,138734,806002,20408,138589,72208,42266,123343,90556,15433,241126,149749,35719,1533711,68143,2651268,330604,16059,93802,231892,57144
"pH8_7_D",28387,1600226,3860672,1094367,84825,92509,104936,120117,11915,32402,59099,537863,169909,474272,61084,55420,797853,18411,41627,664256,67474,42597,97864,138504,167805,633286,11317,17953,150016,227153,1749566,142602,246720,25347,136719,407001,15494,77070,54655,23956,83040,45160,16165,380117,93733,23116,1567061,57129,4025093,600977,14291,58904,155985,31202
"pH8_7_F",26765,1557353,3687692,1086558,73516,103885,102311,145328,13689,33190,52033,538054,179813,524732,78966,67896,871976,19236,49722,779394,89014,37710,100003,159047,168773,745456,12290,12269,147713,224556,1774094,160944,297111,22212,148087,407018,18555,89904,51502,26017,85578,50879,24924,423191,84032,19856,1655171,60789,4122213,719488,14454,52605,151043,35290
