"bin","G05_1_A","G05_1_B","G05_1_C","G05_1_D","G05_1_E","G05_1_F","G05_2_A","G05_2_B","G05_2_C","G05_2_D","G05_2_E","G05_2_F","G05_3_A","G05_3_B","G05_3_C","G05_3_D","G05_3_E","G05_3_F","G05_4_B","G05_4_C","G05_4_D","G05_4_E","G05_4_F","G05_5_A","G05_5_B","G05_5_C","G05_5_D","G05_5_E","G05_5_F","G05_6_A","G05_6_B","G05_6_C","G05_6_D","G05_6_E","G05_6_F","G05_7_A","G05_7_B","G05_7_C","G10_1_A","G10_1_B","G10_1_C","G10_1_D","G10_1_E","G10_1_F","G10_2_A","G10_2_B","G10_2_C","G10_2_D","G10_2_E","G10_2_F","G10_3_A","G10_3_B","G10_3_C","G10_3_D","G10_3_E","G10_3_F","G10_4_A","G10_4_B","G10_4_C","G10_4_D","G10_4_E","G10_4_F","G10_5_A","G10_5_B","G10_5_C","G10_5_D","G10_5_E","G10_5_F","G10_6_A","G10_6_B","G10_6_C","G10_6_D","G10_6_E","G10_6_F","G10_7_B","G10_7_C","G10_7_E","G10_7_F","MES_1_C","MES_1_E","MES_2_A","MES_2_B","MES_2_C","MES_2_D","MES_2_E","MES_2_F","MES_3_A","MES_3_B","MES_3_C","MES_3_D","MES_3_F","MES_4_A","MES_4_B","MES_4_C","MES_4_F","MES_5_A","MES_5_B","MES_5_C","MES_5_D","MES_5_E","MES_5_F","MES_6_A","MES_6_B","MES_6_C","MES_6_D","MES_6_E","MES_7_A","MES_7_B","MES_7_C","MES_7_D","MES_7_E","MES_7_F","pH10_1_A","pH10_1_C","pH10_1_D","pH10_1_E","pH10_1_F","pH10_2_A","pH10_2_B","pH10_2_C","pH10_2_D","pH10_2_E","pH10_2_F","pH10_3_C","pH10_3_F","pH10_4_F","pH10_5_A","pH10_5_B","pH10_5_C","pH10_5_D","pH10_5_E","pH10_5_F","pH10_6_A","pH10_6_B","pH10_6_C","pH10_6_E","pH10_6_F","pH10_7_B","pH10_7_C","pH10_7_D","pH10_7_E","pH10_7_F","pH6_1_A","pH6_1_B","pH6_1_C","pH6_1_D","pH6_1_E","pH6_1_F","pH6_2_A","pH6_2_B","pH6_2_C","pH6_2_D","pH6_2_E","pH6_2_F","pH6_3_A","pH6_3_B","pH6_3_C","pH6_3_D","pH6_3_E","pH6_3_F","pH6_4_B","pH6_4_C","pH6_4_E","pH6_4_F","pH6_5_A","pH6_5_B","pH6_5_C","pH6_5_D","pH6_5_E","pH6_5_F","pH6_6_A","pH6_6_B","pH6_6_C","pH6_6_D","pH6_6_E","pH6_6_F","pH6_7_A","pH6_7_B","pH6_7_C","pH6_7_D","pH6_7_F","pH8_1_B","pH8_1_C","pH8_1_D","pH8_1_E","pH8_1_F","pH8_2_A","pH8_2_B","pH8_2_C","pH8_2_D","pH8_2_E","pH8_2_F","pH8_3_A","pH8_3_D","pH8_3_E","pH8_3_F","pH8_4_B","pH8_4_C","pH8_4_E","pH8_4_F","pH8_5_A","pH8_5_B","pH8_5_C","pH8_5_D","pH8_5_E","pH8_5_F","pH8_6_A","pH8_6_B","pH8_6_C","pH8_6_D","pH8_6_E","pH8_6_F","pH8_7_A","pH8_7_B","pH8_7_C","pH8_7_D","pH8_7_F"
"G05_1_E_cluster_DBSCAN_round3_4",826461,1125993,491903,1825308,2216701,1265324,2623642,3139312,1559248,2438237,445757,799949,317611,598116,1763308,804201,463555,166723,75331,267886,63194,29096,36234,55509,30101,192781,23070,6718,27444,37314,33960,49578,76997,82130,56122,2418,7239,32630,697268,2672947,969757,2151470,1418361,733929,1176247,1120896,888303,1008797,1487605,1731034,1782609,2804287,352692,3519328,344726,86963,157707,207574,161065,319003,181581,216344,139111,161853,501732,58070,22693,69999,42483,38983,371535,29342,156202,50842,93367,87816,30583,36318,148271,463995,132167,227039,356998,184340,71263,975947,112469,195250,88356,6913,6829,29743,23547,59126,15789,18679,49783,30315,20719,11962,14987,8123,11800,15333,14749,6414,24159,20122,24574,25108,9181,1126,29066,101216,53301,149752,90664,50940,10362,30488,72794,68759,75052,23081,22835,5937,2657,2661,2550,2247,2329,3128,1639,437,1283,1147,864,1604,1239,1102,1693,1917,419868,124725,186383,279844,315579,105200,25873,26843,21572,56506,120806,50591,8204,24468,42273,68172,65723,53296,5163,18077,16761,10923,6653,3367,3672,7544,6937,5673,6563,2217,5267,7846,16869,9470,2227,953,14007,2374,17014,31440,55552,387514,345091,762607,11661,11483,94684,81049,90240,59998,37515,90926,40989,59952,2944,4733,7077,12657,2489,5605,2761,4247,7897,5844,1457,2329,3227,1654,1701,2452,5277,2140,3165,3460,2214
"G05_2_B_cluster_DBSCAN_round2_17",4439,6226,2483,11931,32450,38372,15187,15494,13261,21994,2410922,94630,37030,37413,7125,54893,1666533,728181,556165,12294,1963348,5323199,3637010,1708926,1658335,129941,5440095,830127,5699666,2031481,1550252,1197380,6480586,1104027,2776193,696104,315499,3645729,5196,9374,3831,10800,9585,2815,8853,12238,28835,8992,324341,189942,11730,7201,6772,18338,404276,127933,7238,13584,14421,44362,202234,284946,113503,282495,3120,207814,288785,352286,766664,1157775,16391,633995,755581,421211,1271157,567885,992753,843547,2248,4454,11839,18407,3231,24853,29281,188150,105682,104985,8569,180689,99625,519559,317279,21480,379501,435529,960589,152723,553038,751136,449565,378823,735926,345824,975465,809668,726194,670236,375686,855349,680175,33326,82250,66077,56519,116118,94307,375600,2907615,462996,185792,564730,194717,3879581,1439421,2441149,515250,604517,638946,1598164,1292404,1567203,154538,171418,276054,427751,316065,687122,479678,314371,635826,418983,15765,19847,38292,6536,20942,3079,757383,940363,237610,192366,97983,228024,1878692,2704244,2670963,1338710,2629201,1821589,1404412,3149985,3763437,2202803,606756,1201036,877739,1779846,1114533,1116190,587034,823802,841473,1409524,888876,715418,348850,325367,642327,460667,404784,316956,221804,53060,131464,55283,1199189,2831961,2165545,115370,294164,340486,3545552,1737270,2049663,1581415,1802364,1292966,2610483,2181722,766943,914148,661824,2452522,1258420,1399023,450400,426883,474911,715638,525929,417973,718005,785442,1529043,653785,723653
"G05_2_C_cluster_DBSCAN_round3_1",49340,41773,35855,55396,148045,195817,52117,52870,125791,113507,1450331,283804,321477,316686,90309,308697,3219984,1549787,1386637,87568,2134664,2472780,1593477,743822,843096,121673,1295781,1206076,943451,602176,872588,367769,1760479,2169353,975246,192074,162752,732065,49234,64391,27901,96344,25486,16809,49830,62092,58611,62565,584880,141995,128942,45222,40808,119940,107335,207697,15845,21401,10411,28219,144177,22746,41025,20192,13244,46233,626564,15908,9343,37534,15590,39777,1048073,19515,25245,36569,672970,545169,29551,22672,72451,184479,13872,72634,43547,359739,274700,404487,24860,3977529,2142730,895250,496068,38407,567236,479341,645418,114718,828699,410470,271262,440242,293887,171300,607762,578084,696305,226269,167971,332344,106274,5681,2076516,2554434,4976762,4394527,3108272,3154808,2300398,2481149,8139874,6330440,5528459,2365768,3123762,1941211,7650775,5371060,3145755,2257798,8513613,3704013,1855631,874396,1915133,1557058,694482,1553072,1751769,958631,1399534,1297265,280797,274019,230795,83082,99677,24493,1970039,1438113,805556,1920243,1501427,1185158,3038356,3180647,2367037,3110786,2950706,2190395,1582370,1733331,5046580,842506,4480704,1019106,610845,2138831,1273541,1534425,1502606,1386930,969754,1719411,1373904,1254628,593142,311127,705633,426244,640971,2843224,1955187,634372,736850,439015,8880910,4452211,3014264,1751551,3092289,2737868,721097,720338,750121,1228042,2548968,1508174,2225095,901025,3792469,2335521,1171722,2113977,8977828,5618187,2705086,1303973,986132,1060158,940854,639246,2541095,1093393,1288576,883017,1152760
"G05_3_E_cluster_DBSCAN_round7_3",1764072,1471803,2015785,1623131,1198719,884513,2315460,2055187,5454569,1904129,309211,767292,1611072,1071088,2116326,858285,1178588,497598,276924,383077,117250,458632,84417,60587,61004,329837,160287,276167,37311,18938,106131,132441,314076,705341,71196,7277,5763,59917,1325357,3846114,1791272,6485706,2994249,1940041,9811906,5710236,5806531,10169468,2463318,931496,2813810,2337092,3268594,1329268,299585,217252,1434559,360694,249625,425609,296827,262576,214805,256889,454140,162804,295493,174616,111393,124325,428719,66778,594754,26524,35829,148065,184690,53339,898585,403950,272649,395443,422248,267513,102592,862273,474924,448044,194743,406495,161221,117990,85892,175898,75157,169710,188752,132422,164376,68331,70468,76592,56764,80666,72065,120667,163624,47922,78812,82002,26031,1359,111797,118934,61380,196931,80281,295084,90151,90336,280335,154014,152645,36998,47710,23792,1651484,1261956,380612,53383,578194,142483,265435,4751,132477,138274,9323,5893,5590,43651,7611,18969,878601,255103,394490,561599,462031,120210,101501,48991,29002,188201,168841,125631,120654,36573,44598,108591,105693,85450,52392,46125,349598,40898,408002,41904,25775,148302,91250,165314,92799,155107,100473,138079,163202,165791,8717,24074,3842,1000,29880,96830,153035,847033,845547,951444,447158,457283,130785,150332,182425,159386,1865,29227,20962,58266,89812,40148,89306,14420,612898,190704,190953,111468,1683909,701397,483055,135656,30741,62141,70758,9405,217260,3000,24537,17712,13218
"G05_5_C_cluster_DBSCAN_round2_2",1021387,824216,685998,1328883,2447519,1014641,3094138,2707833,1844195,2762558,323391,1306698,1067258,649791,1733679,790474,664937,142448,489517,1051459,588756,368279,462824,406477,300831,1248133,449707,249971,427897,382850,299772,527839,776103,528043,491622,42963,48625,396137,954443,2221766,1188567,3003524,1790753,721752,1701222,1775390,1642668,1826210,3593231,2055257,2048724,2156958,659113,2811951,794091,140056,899841,1050849,950621,2109403,605372,884663,1118477,971657,984360,905008,419413,480588,492388,419364,1045323,327731,556095,315122,491043,448481,364578,389028,431593,765219,554875,707014,917883,614892,234946,1678449,543333,329683,367913,104212,55758,449331,418016,453080,235041,350651,756867,521158,424548,190082,234536,241436,444034,499029,380954,224952,368013,248261,335989,395708,191452,10981,126847,218077,126460,683263,106143,317372,150072,92664,108161,171594,117810,194014,134490,101472,416504,487197,230327,211518,161583,206438,219753,209518,279894,276347,160430,381384,298647,303121,516136,341872,779319,292928,314613,552751,654733,137537,87514,84115,53863,277294,328520,193319,152827,198466,120173,143837,126592,71984,280933,228175,188258,189981,187960,206047,219547,222152,147462,205315,184102,235399,316652,317764,236228,217070,222850,152247,267971,166646,258754,42834,69142,789013,1096798,909566,78846,103073,157671,110921,207990,159134,44577,101732,57657,146109,244210,197300,217397,180289,219434,307373,312426,267151,410385,301062,263097,353603,271361,261023,259372,253910,611631,386129,512094,386216,393687
"G05_6_E_cluster_DBSCAN_round5_10",2824,2857,2238,2316,10508,5151,9405,7761,10155,11576,66307,13002,12937,8299,7546,8554,94369,57189,18250,4492,19861,47863,18862,17651,16505,11085,28656,43683,15758,6745,15500,30423,48199,108250,25365,1701,2389,10196,1251,3482,1948,5407,6054,2152,7130,7087,10568,8212,56110,32669,7813,4046,3773,28505,6908,5113,2560,4354,3322,5891,23352,12205,4633,6328,1869,7650,9376,25848,45492,32608,3828,15493,28505,14752,19617,8658,23970,8649,1651,18701,10055,11094,8717,8989,3350,38224,10545,10075,4799,19417,8561,7828,3105,3484,3357,9779,8724,5375,9609,3548,3709,7092,3772,6923,7109,6176,8327,3040,3506,3688,1266,50,45760,23204,6510,37800,8926,57336,28185,16119,15335,54291,9118,9464,4859,7123,256705,202780,54489,18545,101276,26542,50613,13727,50566,34488,6699,25313,59485,27590,45715,56325,10097,3002,5455,4849,6727,1008,10254,6568,4627,6034,7098,3226,20910,53537,10218,10336,12941,7155,19103,31036,38500,5754,60049,23811,24412,22582,27114,20160,99808,44504,37923,27871,59736,25757,12738,7785,31119,9512,15269,6031,7343,7953,17555,9963,22544,56392,17605,5678,11109,5015,3194,3191,2279,4976,24350,37738,20491,7645,82955,48676,42718,20469,198551,61218,36639,30292,33827,10843,15579,6389,115129,15734,63289,28991,14893
"G05_6_E_cluster_DBSCAN_round6_6",917,602,931,966,4419,2123,7940,7057,11422,6649,24893,17828,5424,2705,4262,3450,111300,74300,8182,1566,22385,112545,29317,14140,13979,5109,38417,37567,20413,9182,16861,24355,49995,69740,17178,3117,1944,17536,577,818,939,1504,745,381,9438,6087,26109,4549,122636,19034,9922,2278,4095,28092,8248,9978,6744,1648,2562,2781,7706,8347,4604,3571,2623,5005,35323,10450,24924,30395,1743,25706,70145,12279,18617,8147,29997,15868,1328,6458,5250,6605,3478,6259,5262,70169,10204,9438,2459,201584,54723,23006,8769,2964,15721,23778,25476,7586,34203,23843,11318,20337,9451,16777,19365,53380,36051,10438,19623,17471,12913,838,18114,9746,6197,14987,5603,19198,33628,14958,15633,20560,15175,36357,18432,30088,122066,66247,72385,54729,139950,75524,35742,12800,31910,29413,14932,24701,26846,17552,28044,24802,4038,1103,1405,1039,1093,271,28226,5066,1975,4929,2116,2448,66818,36751,25808,32747,24090,16415,27033,28376,175223,17647,85978,20197,17447,51903,26483,38877,29613,25376,19118,33243,30839,27173,8097,6355,9611,7401,11928,6670,6348,2755,3454,2513,223767,88535,29485,4377,3631,4897,8072,4319,4365,11074,38553,30766,42564,13755,91454,39265,34222,46919,355630,126429,49115,19613,16387,16520,18187,7763,46665,14780,25466,16077,17756
"G05_6_E_cluster_DBSCAN_round7_6",37128,50506,22211,43447,171210,93486,142438,151955,89209,292699,323868,134903,140033,97972,87759,99733,386607,109804,54372,60906,98928,223204,117646,107684,63114,60153,77493,195003,61866,75519,63473,89604,173613,356010,108153,20677,16808,58633,21542,52633,22978,69652,72798,20966,57465,66966,67018,64386,425662,370912,77346,68247,47902,90709,43506,16464,26628,45656,24188,73746,36196,38829,17927,25596,11250,17613,54439,19189,23231,33184,13808,17510,97207,15192,18896,6069,40108,28606,26229,48864,37353,68605,41699,56301,30014,238664,98517,91529,30512,87094,47379,60269,33575,50533,26951,51847,102255,54296,57041,10512,40303,67873,38013,60927,88105,34612,87041,49242,38117,56227,6775,503,366012,469178,173884,772417,112650,267860,226668,180645,118412,228273,120971,212948,159893,257157,1074471,1065997,469765,292007,875091,380399,229297,54480,473077,406758,111888,294469,575425,442342,451314,652872,122793,49475,72691,76476,96210,19512,104415,56533,42273,110521,161103,123482,104413,360883,73645,118205,183924,65896,248114,311969,320655,89990,292280,144485,149139,156041,127608,111582,574374,121925,232991,277564,465268,176677,187802,43171,263299,48691,168712,107283,114649,149046,221730,290566,165876,240928,170711,140087,311110,116428,80600,79771,60183,62204,233887,330770,284365,126268,526381,244039,280924,132365,767180,167636,241210,369632,233741,112709,205044,94489,571283,64037,147193,190038,129956
"G05_7_A_cluster_DBSCAN_round8_2",3440,3387,3999,3265,4630,4908,8907,10915,13982,11233,13639,7771,8839,6968,9415,6826,43743,13419,6103,3590,5413,34049,7262,4129,5391,5371,8131,3125,6526,1567,5915,7158,23004,36917,8150,730,611,3317,2380,6396,3100,11066,4540,2858,11866,11107,15706,12311,23589,19480,10828,6916,6020,6927,5252,2953,3998,4192,3069,6144,6496,5775,4044,5078,2349,4478,3055,5357,4281,6333,4472,2197,5042,2893,2500,2634,2635,1635,3423,5328,3737,5481,3329,3985,2382,23301,8550,10105,2217,32304,29859,59616,18838,2573,4261,36599,31354,4826,29787,5203,21025,8906,6914,6645,8446,6120,8065,4370,9870,6020,1471,100,2947,1380,897,1802,1223,2630,4090,2911,2311,3772,2806,1873,1923,1036,9035,8262,3660,1589,6781,2820,1550,477,1657,1159,432,2365,2138,1553,1737,2120,4416,1701,2209,2936,1956,683,3791,1804,859,2606,2210,2369,15871,8712,6822,8361,5918,7649,3987,4425,26019,4106,20538,3148,1577,8682,5981,9407,5291,4800,2961,4009,4947,4776,835,523,941,528,1245,1900,1918,4038,4104,5537,17973,15344,6215,2482,2659,3327,1052,2019,1039,2487,3171,2677,8595,1735,13713,6727,3176,4064,102312,13427,3897,2954,1851,1216,1602,641,6310,1214,2873,2004,1619
"G05_7_C_cluster_DBSCAN_round4_18",11747,10414,6338,13178,9950,9231,21311,22557,34953,27263,28821,21067,25295,24437,22959,23230,49734,17584,12523,5693,9010,8585,3937,8664,5850,21447,8296,3972,2998,4588,6963,28956,13654,18414,7740,525,690,8458,3993,8833,4777,16834,7372,3935,26465,30109,28732,31865,37264,28939,27257,21268,14928,17344,5015,4382,8377,6363,4010,9133,8990,7854,8516,9739,5333,6549,3964,5479,5005,9359,9525,3409,8331,2002,6304,3598,4680,2705,6752,5116,3632,7034,4037,5380,2274,34370,11527,15682,2332,18578,13392,7444,3827,2720,2718,8227,12051,6888,11801,4232,3250,4745,3768,6193,6103,4655,7967,2995,4048,4203,1427,56,7789,7149,2768,10816,4507,9772,8707,8567,13945,8561,8577,5103,4966,3378,24606,29061,10915,4490,15053,7494,3993,1705,6401,2902,980,15960,22120,10153,10723,16028,12569,4845,7706,8398,5145,1615,7144,6013,2829,8667,10217,5758,8083,21343,12916,13888,17162,10388,4258,5815,12797,2546,19217,3779,4143,6488,5179,5325,18411,6957,7322,10899,18268,8737,4476,1381,8999,1935,6092,5615,6480,13957,12588,16174,14901,23445,22202,9340,15554,11770,3272,6392,3972,7392,4684,8343,5084,3847,18845,17077,11206,6716,59165,25368,7427,10130,8721,2816,3567,1651,43557,4905,15650,16316,10274
"G10_2_C_cluster_DBSCAN_round1_10",1087385,1247345,1738212,2493814,1611939,1177513,3371636,4975835,6875115,4377044,243267,1597772,416658,305484,2694605,280888,67681,44568,33071,203815,30517,18467,20487,13063,12173,56097,12819,6026,14828,6183,4543,17017,18337,8211,10257,896,580,11201,948972,3179068,3006009,2943469,1092345,733561,2747464,3066284,4297761,3210052,1645585,2262368,1573913,1657399,2549916,1408337,159034,21243,1017760,223908,143872,148951,34682,31847,44154,39572,657924,17723,4343,13712,18191,14225,237874,10835,4084,10755,10900,52605,8299,2885,3554685,5018965,2337154,4620603,4815604,2505262,1000042,15686165,576566,752914,2442590,21127,14727,115694,64263,548504,34751,45758,73191,71737,38332,25240,22549,19502,20161,25161,30924,20481,28793,18398,27856,31089,14689,544,11503,9894,4915,31435,15200,12983,6637,2384,4202,14007,4371,1381,706,344,1803,2267,735,317,964,503,821,458,539,559,191,355,266,219,607,331,929502,377639,500540,1302867,1209794,539531,29605,39543,38712,174306,205101,158231,10674,17689,36631,44359,48015,50918,10900,25173,19441,16905,5677,10288,9482,7422,9772,6966,6424,5187,5821,4590,8778,4582,3063,2260,3991,2443,3347,33867,92538,926089,1386480,2010300,14622,22201,40515,92465,92884,68490,31373,44901,44633,16546,3054,2149,11378,5878,2875,4053,2538,3782,7597,5336,2056,2772,1791,1744,2281,1392,4307,2247,2122,1341,1365
"G10_3_A_cluster_DBSCAN_round5_0",285534,240628,82875,255621,204124,168333,413336,432462,453158,332541,285299,326206,342498,250359,287258,238574,268755,185219,91943,40453,56475,63141,35831,52404,35438,234097,66905,69351,32081,25533,39808,125932,100120,124965,37886,2881,1898,22240,196405,429166,72679,876022,205233,170092,497492,661828,234969,787509,1162147,870326,582252,421506,199843,430983,140203,49729,61787,131402,90246,169716,100838,156248,136376,153710,38400,84781,38293,54088,36560,53087,62399,26253,63896,11730,22816,65770,34207,34056,68282,128475,205703,404001,83417,293255,117995,1421428,649026,621521,132527,872268,821711,129616,58940,140640,67302,248948,136797,100256,385015,56550,79008,94067,58789,70600,89654,66264,111491,28314,32877,56332,15313,710,215898,134959,53262,129062,77918,158547,69865,76215,118748,273222,89087,52915,32174,33474,795886,502189,152170,57232,293569,110690,76887,4753,47646,61980,14679,67544,60067,67611,75187,104578,194041,92542,122417,134469,101902,36477,50023,46620,40754,147215,79584,126981,77662,75142,30876,44594,62184,28287,28061,42906,87960,17820,146389,25487,22567,50937,37821,52660,90144,63764,42954,59470,71026,53621,11943,7111,20663,6209,16079,76666,114254,262469,263553,303914,110633,227806,141735,128498,207695,286306,12704,23495,18983,25660,47746,58599,60817,20708,235773,121881,117092,61946,763908,229356,120356,54089,33468,18626,23408,6777,172545,18127,48912,46174,32070
"G10_3_D_cluster_DBSCAN_round210_2",14100,33990,9278,22275,30294,87217,77250,156993,45917,190601,63089,132334,116178,125769,62034,123692,76095,171208,30482,30207,23997,20271,13585,39594,28507,69775,39899,14380,11883,5147,13273,31524,30924,25232,10232,847,681,10861,5038,23911,7246,29135,10084,15555,18155,31396,21803,34839,180087,362923,33736,70808,11741,45831,21501,32654,5447,56098,36250,129856,38809,135049,38572,69110,9652,54034,12217,55533,27005,61662,60860,21627,21770,12422,9430,16126,5904,5050,5966,17826,25726,67259,13728,62202,15549,365552,118027,154098,22169,170404,179133,80290,37134,32396,29213,116458,178702,138070,152833,42734,65757,76242,49115,79000,82420,33487,60532,30640,26439,24247,8299,497,31909,32583,17033,31771,19776,25062,12895,4747,13263,12539,9620,8215,3868,5563,84055,73681,32135,11869,43377,32200,6042,367,5259,4837,916,3393,5009,5390,4020,6636,101360,36658,46023,71415,25582,14386,19842,11813,7777,27509,29802,24191,20285,17462,14317,21302,17653,13207,6338,13913,29368,5615,51652,8098,4207,26299,9120,24310,17318,26525,9827,18808,12594,16692,2120,903,3517,716,3000,24145,26834,81754,40558,125019,24261,81314,29783,21492,54858,28514,3107,7769,3996,9443,15546,8953,15641,4621,72578,27991,25045,21160,165593,110342,25513,14328,4273,4673,3655,1265,20343,1672,3421,4441,3506
"G10_6_B_cluster_DBSCAN_round179_0",146842,202989,108302,211885,182652,234286,326559,303760,169915,542544,256741,456156,354138,332539,180288,419869,309593,306640,256127,281077,343051,180490,399683,392744,415058,642811,384360,254063,336555,195619,154245,384207,434653,348835,342628,25426,23418,344303,78864,221245,96793,421832,208300,79092,250191,207689,199371,288383,591071,805791,121113,187026,88695,149709,85217,75033,203617,386611,320965,835778,506950,839895,468938,668460,243950,403444,184034,501742,367999,467584,511044,362504,269428,320750,422759,569327,393010,448881,93941,168236,186421,192099,140662,293489,171703,712741,810862,446354,208128,235718,353877,782844,438504,472153,445268,1026464,1643433,844297,768202,581177,572736,570653,552280,565466,707310,436786,1595670,867779,864268,1343780,540460,43178,143850,117620,73148,133202,61227,167442,142311,53231,122958,111837,70268,164408,78516,136321,427915,392311,227970,242330,338319,290652,67531,97582,142561,137200,101484,270249,190417,147155,275223,208496,341459,131191,259574,253398,194463,45669,117720,78343,61600,138185,216607,230755,257616,406157,162135,289065,192157,158314,232998,265281,230858,242804,310970,292721,347325,368732,252979,336762,252217,232929,151702,261038,204560,193444,154791,128829,294871,240426,279588,151146,145178,333677,221724,359671,84420,365989,181167,152582,293257,213132,19997,36184,24468,101832,303832,258326,369571,218054,324489,276985,284430,327365,854483,515943,222661,205617,170329,240258,146266,119426,455122,397503,390166,349325,424082
"G10_6_E_cluster_DBSCAN_round5_1",1747,1472,1029,2318,6790,3782,7769,5827,10998,6675,29030,10648,8909,5688,4447,6452,91190,81871,19357,2550,29578,141722,28954,14183,12413,6497,32946,32523,13893,9025,24196,36823,58791,51577,17810,2869,2343,25469,785,1348,1404,2162,929,512,8391,6896,25706,5909,67998,12558,11626,2350,5247,7311,20068,26586,9165,1337,3043,3626,12163,17857,5912,5341,2498,10380,80594,23761,66946,41016,2407,30889,147619,19070,17578,20772,66503,27178,1363,1909,3689,6003,1677,5168,6106,74484,15366,15230,1665,187264,120346,47684,18337,4757,33207,38290,45181,17568,64628,21642,15904,46878,17164,37139,46658,67962,72688,15974,41193,34131,17722,999,21123,10414,2870,17710,3909,13646,25817,11076,13282,24560,10180,18933,7604,11309,93485,60815,29957,19238,49047,27496,19937,3916,20957,13835,5738,11207,10580,9752,10740,15546,4955,2063,1443,1708,1392,373,19677,5533,1800,7930,2765,2502,38929,39413,15572,21951,15742,9805,24010,22940,125193,13325,49767,11164,7175,29875,10096,23443,11555,13436,10257,18542,11854,15595,2833,2351,3173,2121,6791,5665,5408,2893,4626,3685,171216,113266,23805,4522,4719,4993,12592,6043,6478,6806,30997,21217,26618,9976,58604,28062,19398,25354,172183,78341,32600,12319,5920,9039,7674,5204,16029,2190,5814,4769,5531
"G10_7_A_cluster_DBSCAN_round160_0",5393,5854,4181,7502,5387,4943,9554,9137,20598,10835,22125,8080,16193,11591,16705,15776,83905,131072,19016,4465,53457,42023,29367,18810,45203,28293,43168,21377,18927,7581,25251,64092,54327,54760,22657,1555,1401,10625,1730,5071,3044,9452,4187,2467,13458,15476,15195,16696,32409,28028,19134,13052,14518,12839,4470,6572,5144,2995,2562,5535,6782,9095,4462,5526,3150,6513,5848,7934,26039,51622,3842,11975,11000,63129,7776,4669,5562,3173,3247,5273,4214,6327,3711,4698,2312,24776,9035,10893,2268,52943,63552,16253,7847,2469,28745,81529,136958,9355,85650,25863,26730,26116,29300,29817,26692,26787,32918,16817,22127,21127,5954,358,8193,5770,1880,4313,2042,11449,20314,16066,12040,15369,9668,9398,9041,5576,113347,68093,28567,9982,89219,20528,10537,1893,10235,8614,2046,7043,7745,4988,7189,6326,6746,2221,3369,3675,1900,771,12600,5983,3773,7737,3691,6689,44160,20515,20162,29689,21481,29386,8364,8836,30797,8049,60123,12525,10939,21554,11694,20745,20776,15862,7762,13001,12250,14422,3419,2056,2164,1579,4433,4995,5174,5695,4223,6557,48980,22155,40626,7541,5650,11820,2613,9010,5296,10135,17866,12457,16659,5757,66596,23330,13296,13680,140799,74218,22118,11600,8233,5100,5275,1618,24313,3112,14098,3757,2966
"G10_7_C_cluster_DBSCAN_round1_6",9335,8808,7680,13277,15102,13968,12968,11906,35683,13317,162858,28334,38578,36947,30394,30088,789514,771918,63910,14005,155859,412188,165960,69104,100311,12157,283251,263512,111639,45504,111166,103456,239391,472809,99211,10150,6354,56266,3588,2344,2212,5551,1977,1194,11465,13446,25810,13344,107392,37908,40096,14328,11261,53513,19160,52193,4768,4055,3012,6445,50390,36284,10930,9571,2376,17592,124666,52154,105665,54047,4245,67550,242917,119777,28776,29602,153326,53840,10359,9768,21915,47390,6717,29735,15610,198619,118853,279843,14558,3758965,3390326,326420,192703,66351,316854,385723,418331,250975,775721,441486,200595,216961,160340,304637,366998,411858,384131,116449,217043,181363,59869,5685,88426,62028,54381,104518,80764,92794,171777,208397,438959,459094,211181,148944,159940,151671,1218177,608125,440422,275290,1678498,560872,166600,54363,121834,182240,50947,138333,134636,91516,166616,113350,33833,11958,8598,6596,5673,1842,188827,65346,24961,50510,37962,44022,717570,236791,207819,268518,280532,175790,179127,148854,966808,104579,665601,115473,72960,357859,258059,292039,180061,217052,107222,245177,176506,214155,30121,26891,31389,25947,34852,43589,57377,17979,26547,11564,985679,721346,261971,30987,85011,64315,46752,30618,58352,63590,211063,172672,474096,53606,656725,205810,172495,224808,2967698,1051616,302763,105732,70274,60275,67844,25446,273899,70514,104646,55944,74121
"G10_7_C_cluster_DBSCAN_round7_14",3731,4912,3340,4601,6043,7569,11701,12591,13525,14940,17506,13604,13901,12621,12845,11175,16031,19251,5865,3030,4639,5577,3639,2766,3955,5549,5705,3215,3204,1036,3500,5363,7564,7834,2931,166,189,2247,1732,5396,2788,8734,3782,2265,9193,10094,11101,10871,30341,30904,14713,14109,10471,11648,5540,4620,3882,4623,3223,7184,4788,10189,4253,6310,2407,5941,3565,3241,2613,5523,4182,2723,6760,1879,2481,3507,4493,2572,2744,5325,3486,5512,3187,4160,2128,24458,8870,11802,2026,23338,22125,5257,2765,2202,2798,8038,7799,5178,8733,5124,3478,3945,2966,4224,3916,5707,6701,2460,2741,3693,1430,107,2900,1424,658,1354,920,2662,4287,3092,2337,2420,2172,1138,1198,932,13797,9806,4331,1407,6276,3431,1773,399,1441,1222,332,1236,1762,1270,1344,1634,5903,3055,3333,4335,2498,1007,3443,1980,997,3533,2233,2857,6531,7091,3476,3529,2533,2941,1863,1752,5544,1745,7940,1609,1225,3329,2047,3502,3522,3126,1966,2938,3139,2826,540,339,655,258,794,3258,2844,6588,4853,9231,10341,17725,4276,3407,3387,4814,451,861,521,1284,2470,2327,2615,1302,9244,5165,3480,2942,26699,12597,4284,2300,1258,949,944,368,4994,825,2346,1418,988
"G10_7_C_cluster_DBSCAN_round7_2",6818,7865,6755,7612,10141,9371,15066,14490,32190,22252,99106,23524,16850,15063,18844,21856,79974,59360,22058,7199,19412,19225,12293,14801,20426,26002,16293,9166,5851,2392,11749,24431,20252,21997,7677,376,360,12931,3669,9464,5738,18073,9016,5850,14465,18400,29543,21348,87210,72777,15027,11734,18503,16863,19248,14907,5178,7770,5135,12404,33022,42583,13819,16097,3202,16521,17699,17568,21461,25302,10388,13018,24345,6882,6883,22476,15883,3835,4177,5723,9513,13050,3505,9135,11108,53049,35270,52017,8102,126824,40348,36487,19704,11723,15994,67178,72177,71934,59390,68583,25928,39508,26744,61155,46436,52065,79562,32791,19356,39958,24596,914,20962,7004,3268,6831,5247,8878,19606,11529,8874,10571,8360,4771,6512,2093,77434,57916,13711,2810,18920,7436,8378,352,3709,3333,374,1252,1186,1957,1135,1381,10999,5164,5205,6508,3489,1981,16843,9605,3176,9692,5120,10562,14135,7144,10342,12752,12382,10948,3305,4217,11974,2661,26973,3233,1421,7402,3385,7843,6993,8129,3086,6762,5891,6772,675,623,544,244,1339,10237,7330,13007,8914,18245,25937,39695,29426,6862,4735,12775,1237,5908,2395,8134,5116,2730,4101,2515,25284,12839,5892,6047,57143,35050,10041,5527,1824,1741,1601,442,10055,712,1994,2020,1169
"G10_7_E_cluster_DBSCAN_round81_0",20115,56759,7411,36013,72480,129737,133492,272863,50109,293289,185145,323403,456354,367199,100799,461051,272246,252702,71681,93628,49396,74451,28868,96353,97862,164671,115215,79294,23957,12552,36843,74510,81126,108486,41564,1580,1481,29758,3576,24938,6268,26040,18259,22934,8138,21453,14023,19602,496240,596544,44280,154037,5012,106973,92334,47045,2301,207043,111861,480286,127495,345932,76765,158964,26055,133624,28987,142862,70978,166476,156019,49887,58157,26051,23645,40160,20087,9104,6294,54982,29068,74020,26938,80263,31990,518433,372229,348659,29551,253529,190361,162905,72789,89285,58367,243042,442336,374582,274843,128565,146663,158929,104503,212792,190949,96125,110363,68729,52849,49116,24807,865,110230,80028,50120,135096,60545,39844,36739,4146,25196,8038,16576,24836,9514,19725,568472,374688,146213,41527,279278,138167,20437,721,11846,14659,2075,4590,4723,10720,4365,10002,195485,86439,141629,121245,68749,23687,48072,27931,14129,47956,100564,52525,68874,34924,37919,57842,72236,38915,13770,28171,99693,13940,196712,25457,12745,82983,40841,92848,56105,96057,23216,52971,45423,50159,2663,3052,4230,1449,5426,52500,63446,193770,153841,312196,74950,276340,79734,39728,81117,37416,10557,28256,23413,23932,51236,28116,79324,12611,256496,87002,82498,61990,1015180,304519,74241,35567,7791,10470,9989,1864,53817,5345,6167,7582,7184
"MES_1_D_cluster_DBSCAN_round2_17",8576,8352,10414,11537,11298,12840,21895,26587,44250,34231,44483,29100,27025,24438,40909,26294,65611,54404,9734,7104,14196,19910,17125,19899,23570,10333,24078,11109,12362,6208,14147,15310,34619,47067,23037,960,892,7890,7032,11263,5998,21426,6449,5515,20910,20691,24496,30140,57924,52721,55507,30169,18500,36447,12093,12276,7024,8765,5680,17713,14374,23617,5116,7763,5011,6485,6558,9651,5824,12473,7664,4995,11013,5588,7327,2840,8375,2797,9683,7061,7116,17434,6545,10578,3521,62998,25583,29706,4109,66416,38122,14227,5278,4332,5795,12674,19139,12284,27587,4939,8068,12119,11402,14772,15936,8378,12644,9104,5140,9139,1261,190,22077,9844,4198,10830,6190,17350,42373,12860,19683,10651,17074,18453,8079,15871,143122,129985,40612,20582,51878,36579,20531,15157,31337,16344,9160,36658,69648,42315,37598,73720,16866,6457,9656,9531,5085,2172,10307,7517,4472,9287,6839,11042,22943,45481,23320,22331,20574,22668,22084,16702,27843,10414,42699,18165,20102,19777,14705,17613,58051,32149,23115,23711,37778,23581,11701,4647,16809,6949,14343,9656,9982,18823,11423,20108,31557,62333,42778,11488,14299,22371,4232,8899,5350,13622,26071,33518,20033,12582,55083,53025,35935,21544,131263,60360,30646,33920,22810,11830,11748,8794,88038,22715,54841,34757,26128
"MES_1_E_cluster_DBSCAN_round6_3",845903,728165,761857,1247169,517929,402748,1301995,1210518,2422437,980849,132236,568543,372109,355824,1249724,387209,149012,35147,62586,225146,30061,11023,9279,36675,6127,180480,4581,1979,3711,18058,6631,45750,17097,9034,6666,931,2283,19037,947314,2782582,1472539,2855547,1095006,713524,3000184,1868431,2792646,2453005,909829,902950,1017819,1083630,2595647,1189298,219022,81979,459434,153014,92426,185935,53498,101920,96467,97107,168548,41290,4477,39596,84101,11300,326215,17552,18577,24110,26926,82157,6516,6345,427670,236048,150376,235703,429381,207078,62027,1004259,126966,216536,131217,7396,5499,57902,20414,97034,8126,21646,58916,53176,23399,2078,3168,8028,4557,20907,9838,3180,12318,5132,6823,5648,2310,91,57117,86442,29900,105907,49329,68723,13962,18530,40997,33455,42618,7538,15294,1368,3169,3732,1625,930,1604,1499,1383,652,1190,964,525,1051,845,726,713,823,268630,116972,150586,181406,122659,50404,23676,23507,21385,60193,91928,59149,3478,12809,15854,29928,36661,25877,2871,7540,5598,3328,3019,1285,959,2142,1117,1789,1976,1481,1825,1899,2393,2230,874,380,2330,507,3090,26669,47951,376632,313286,623553,7473,8230,64147,89404,82443,67578,12082,76641,31341,38175,1733,1586,1453,3185,2374,2480,1899,1834,7059,4061,2128,1916,1044,919,1177,702,1721,615,1148,917,767
"MES_2_C_cluster_DBSCAN_round3_1",40489,96230,43804,77416,32800,80513,107349,189249,164517,191014,78433,110551,96755,118828,146211,136236,91167,94220,73469,35115,65051,28457,23183,37297,32422,76805,33805,11373,13000,8687,26728,79159,46028,33388,14141,1019,1038,31805,19159,85638,30817,129941,16677,37176,77879,135117,107650,122123,154512,337547,82434,115126,60876,100123,23696,23335,22984,49534,28409,91415,65514,146261,115714,188787,23348,120817,16088,45352,100379,85141,81761,35362,27831,19805,26447,133558,22756,10329,42952,19802,54840,187867,47874,172625,39674,1629686,476810,524665,88860,208683,157127,183380,112796,178067,72774,225758,323896,169884,309283,66035,85850,197439,100535,164422,263188,78777,203794,94157,59524,114464,36176,1216,16409,18025,8551,9154,13110,28654,14382,16526,22625,18499,18283,15070,13651,6633,48862,38645,20470,6635,22653,13733,6597,533,5574,4507,1223,4177,4258,4166,5042,5783,49557,30488,35696,56420,16075,20150,34225,26983,20281,65408,18396,55538,37349,20968,31300,45476,24684,35547,10200,16683,28684,12744,53568,8742,5222,22081,9668,20350,13309,20553,10203,17512,12630,18853,2964,1726,2643,1171,4356,47238,36377,78078,34450,124783,50966,66535,56480,54333,29042,74370,3606,15140,5258,31177,11670,8281,10754,9168,49462,30474,17604,15304,104064,81415,27759,14436,5275,5379,4595,1297,23160,2220,4911,4497,3117
"MES_5_C_cluster_DBSCAN_round8_4",14290,19682,7110,28284,14738,421130,23185,37037,25281,156918,133287,608798,133461,211464,24942,237324,68879,426334,129670,57170,133306,26884,57065,24992,37171,73333,73246,10749,15566,6704,48839,75035,84317,14231,20239,2269,3046,34532,5838,12885,6538,23555,7898,6316,22276,25148,38116,28391,113228,627522,31131,57955,56049,105164,20156,99045,13721,107780,30405,249185,19640,199625,69198,101941,8569,96017,10271,59836,64006,129904,21915,65862,17506,41707,32311,57071,10919,11118,7219,5069,44726,88545,5410,112175,6588,588921,133512,138963,49605,43504,981774,56611,46365,77843,86353,28763,53012,107664,56694,8253,32223,16210,22966,91661,38119,7981,34154,16809,25709,23922,2200,1596,186388,263170,638145,80629,396931,64174,46722,61823,174346,17453,86982,28272,55955,3970,73851,76605,55216,12681,16800,43349,16621,546,13089,1346,2598,1326,1404,3166,1115,2502,51598,118616,172399,40181,11275,9857,113521,134239,64198,219943,33495,223423,127266,35108,52735,107369,26587,74954,41718,22782,28896,21649,103575,14159,3555,88263,6973,70772,11213,29943,14945,32556,3379,34712,1258,539,459,471,6919,411986,425906,355240,52255,228043,618476,765699,148123,244065,47957,299806,8807,41590,15380,62009,46905,21529,10679,7212,97620,65332,28326,59518,92867,255033,36171,20094,4581,8125,2927,2148,21145,687,1869,3318,2649
"MES_7_C_cluster_DBSCAN_round4_2",44383,37690,12770,39113,47437,40023,62905,78464,70129,72266,98295,85078,87934,65734,48311,58785,79536,54991,28148,8002,17561,20644,7330,12389,8684,57648,17447,19841,6610,5016,11258,37267,27004,37492,8554,669,385,5942,30826,69034,12179,141830,32439,26339,74777,110596,39974,129242,300563,198703,101606,70488,32851,81458,27682,11543,10948,31924,20016,39412,22192,44946,30039,44603,6536,29452,10534,13733,11969,16721,12976,6701,17346,2288,4369,16286,9614,6355,7524,20217,48431,103027,12214,71676,27868,343746,171194,149163,30610,324318,295458,42405,20314,31245,22135,80585,41476,33427,130644,14641,22373,30533,19141,22046,31804,22697,34165,7081,10763,15907,3119,132,61315,30809,12271,28210,17775,43159,15134,14446,26578,65759,19437,16455,7796,6922,268827,166595,40526,12691,88606,30402,26734,1177,12028,16122,3554,13746,10915,15186,13425,21037,44708,19227,23352,27322,19055,7755,16115,14211,11942,41641,18491,31708,21706,13916,7882,13053,16845,7532,7250,10908,26176,4124,42172,6308,4771,13968,9898,15666,24551,18076,10612,16865,21110,15669,2436,2182,3061,1232,3671,27828,29563,56842,52763,69365,34989,64887,37196,35337,57232,74890,2893,6976,6084,9345,11986,11877,15300,3525,68651,34087,30589,16446,233578,70880,39996,13917,6393,4510,6222,1353,47699,4189,9786,10033,6559
"MES_7_D_cluster_DBSCAN_round362_17",10647,30454,5575,18374,33516,74377,68794,137783,29031,145563,80804,129601,299287,231113,58547,237827,151775,242964,42485,39652,35296,43569,21635,84794,76379,120230,139103,58173,24966,7799,26341,48095,65702,61051,16256,1069,766,15674,2668,17201,4104,18465,6702,12356,7281,11572,10055,13330,250599,319353,30561,90597,4882,62938,43011,50503,1787,102537,59060,256410,77010,239874,68109,107922,14025,114602,22186,94091,52603,127373,81855,38273,44782,16300,12572,21081,11138,6407,3875,24280,15463,37617,12999,38487,13710,239522,212381,215517,15367,225204,165841,95054,40908,41364,32022,219394,270349,241859,212174,74037,95041,95141,54131,116915,99966,57741,71776,34280,33857,26941,10720,373,47738,45369,24499,32914,26288,26026,23502,2858,23476,4086,11032,9825,2711,6506,512265,306885,158639,48896,158857,152449,15958,348,9406,7915,1144,2431,4553,10421,2321,6877,123789,40972,67520,58232,27181,11765,26056,12406,6842,28538,25124,29168,61575,17303,19229,22891,18536,16287,8154,15718,40965,8551,162816,17675,9347,59602,16245,65600,43519,70944,15407,32920,18478,29263,1669,1152,2415,425,2681,32325,44236,87059,58150,144330,53486,228078,35502,19094,38294,20527,3780,11263,6269,9372,40973,24550,44996,12148,276963,68736,76492,55124,489363,276875,65047,23432,5124,7635,5457,991,47044,1572,3829,5004,4562
"MES_7_E_cluster_DBSCAN_round2_10",2547,6358,1515,8712,2106,62432,5432,4807,6069,19644,22413,45503,14401,30532,2207,21096,37522,48129,18678,13634,51120,21525,31580,21413,38449,24060,42343,6757,26726,4534,7735,30152,16924,12687,8821,1293,1180,16170,1702,5292,1568,9172,1371,1989,4690,6517,22508,4944,22946,75612,8247,2509,3999,5613,3569,12480,5119,18888,6213,57689,23087,134088,36174,67383,1757,52206,10908,49788,13157,26529,3252,23582,11720,14095,20283,22321,6720,5226,688,598,5166,7708,584,11420,2791,62564,29267,18428,7128,104699,74275,49098,34854,12858,39682,69923,83576,54402,70073,34585,57425,31939,31398,54197,40967,40987,112039,61788,60852,59417,15358,5659,101820,73698,185771,27038,155814,127124,62223,37294,90585,25028,58187,66165,40336,31061,18895,17984,15499,23151,20709,28033,4556,9084,9776,7037,7389,18675,18481,9895,21510,12248,10864,34569,65592,14843,2675,3156,35553,32113,19621,32422,10723,57762,46433,72978,65164,82776,29714,56315,15827,20087,21358,16305,18274,9969,7101,20390,7966,17416,8878,8786,4453,9611,6054,6321,4457,2530,2568,2388,3685,270736,322728,143231,17250,67604,56125,101914,97067,71656,17245,130553,8042,10538,4745,29080,22058,10689,12992,22522,18050,14943,8022,19795,33266,34899,10527,6716,6406,6644,3161,3500,17631,14138,13048,7963,11195
"pH10_1_E_cluster_DBSCAN_round1_4",36024,70780,19440,93979,76640,1723621,84848,163020,133682,436127,389725,1215141,737085,1119554,116976,775283,849285,3782045,517035,95061,478393,429035,533417,59951,125037,127740,410473,344160,86189,47832,326926,176391,819532,183277,269348,34711,54911,62463,19636,38401,12449,68658,3855,14076,49839,84582,48327,74231,568177,1485291,131259,95485,65322,471354,172804,605205,8013,199266,57121,475654,114863,473528,124817,232796,7289,282894,134975,171105,98325,436798,35057,193933,248958,137498,214723,38743,557353,106131,18284,26677,136179,360509,15254,231189,18196,1463514,546508,907303,113866,545011,4248494,414031,255653,141590,385724,279030,235396,185693,790752,33710,150745,240989,146189,269876,336179,101389,489217,120836,290309,252325,14551,4768,258137,632331,1159912,140827,837010,791714,1040799,90082,1235409,20577,419086,119409,174100,1510,167287,182200,326408,10082,50658,86389,162027,359,14139,12553,18540,1152,1010,10606,891,13808,373933,651703,468401,188778,21434,45347,545442,287214,142116,1023183,59492,359415,1457842,363340,149860,413210,39862,247054,154516,157190,216266,109128,430610,49662,10976,1355959,114145,885354,12303,13085,9507,8729,3538,11446,1769,562,366,544,3130,1658179,1376762,1078335,158006,881580,12979011,11232828,427947,473236,83211,558486,29890,100839,19928,275181,185469,361048,96556,2502,52539,223806,161433,626044,659660,1595337,10193,5581,4274,5530,5910,4065,5977,642,1274,2894,1291
"pH10_1_E_cluster_DBSCAN_round2_19",2669,2260,2715,3779,6414,8376,10949,7467,15663,10264,115242,28796,31584,18916,11639,22945,338022,553331,69023,4944,144274,149122,87792,82826,65068,4585,139066,96565,50873,18080,52958,149544,109944,134733,28577,4355,3455,30751,1871,1736,1383,4234,1139,714,9217,8275,23686,8041,65324,35026,21026,7259,7124,14911,14716,87283,4919,4014,2644,6312,26430,4175,10401,19740,1658,27975,88748,4629,4342,132293,4176,65729,136974,3418,34815,16701,53706,26796,3198,2565,6923,11008,3388,10081,4172,66328,36917,54729,3442,284326,464362,69836,35719,5573,42586,89928,110192,72935,147495,61961,46947,46469,42874,89137,80410,45774,89638,47747,41925,55976,11865,1734,117787,60484,67609,51059,57531,91915,96777,122073,118552,144416,95408,64833,69228,32364,120524,57309,95039,38110,220664,95406,18603,7030,15970,26458,7559,14591,13179,10635,19963,13729,17413,7172,12600,4282,3690,1157,100835,46271,28705,50784,14721,41879,262158,151054,175488,177701,121665,147645,42100,64922,185708,31062,153492,30357,16358,100336,54671,79959,28447,50292,26889,48032,28712,44002,7536,5891,6851,4864,8345,119824,103142,26906,20810,14574,504064,763853,257785,48425,51663,106221,20585,27152,27355,54175,72112,42096,93763,24516,138982,71519,43429,68735,453054,311018,46971,21570,13386,17814,15988,7056,40351,10297,13906,12231,14470
"pH10_1_E_cluster_DBSCAN_round2_2",7883,10409,9392,34663,24416,36344,10319,12092,29871,40534,656014,70765,15938,39755,12342,81748,139966,145797,561386,26208,267794,109162,187172,99053,60690,67844,100669,138826,118828,57974,66803,320028,212279,142969,218824,35920,18318,122713,12335,20812,12939,22662,9261,6157,17269,16085,41135,20651,120314,77881,18508,9181,15871,25571,74510,19282,12655,6111,2830,14937,36947,21059,101975,27334,6638,125603,21614,43693,102190,141288,6913,62561,32547,37260,126868,325462,32014,91346,11487,9001,11641,55377,8562,58123,29198,301543,178848,294160,15299,134555,67451,643264,247968,50738,419693,216803,495797,348604,394552,300281,196142,227952,255673,648050,558371,302851,390001,238774,421133,341720,250568,8953,280024,174146,204009,206852,184817,307893,427825,311207,295915,571503,241924,169438,222217,158058,420014,391087,267115,359995,355221,296034,98354,181298,180216,235467,185724,348406,411946,126463,449671,185488,17748,10724,25178,8973,12205,4707,136894,344074,124545,222352,111993,199176,98147,216588,175634,139518,202956,138234,130451,131496,139117,71909,155459,261285,189848,131871,87792,79362,228290,166583,93705,207279,144717,107885,179835,69424,141083,149347,88797,541010,318587,122213,45532,80726,94466,200782,257852,160669,70149,277015,151506,150801,140284,196951,224476,172528,112205,59435,203027,195251,140280,148022,103117,160063,122305,141861,126370,164674,78211,109793,491761,364002,748886,141857,223225
"pH10_2_A_cluster_DBSCAN_round2_4",3643,3733,7436,4790,12544,13540,10342,11166,39863,11324,44429,16332,15103,17154,28792,18300,348282,709240,37859,4448,90751,183144,144838,49671,70984,5458,245555,172784,99305,46522,146711,63830,263144,305576,103510,15728,9310,53376,2787,3605,4334,5621,1768,1571,13232,16425,67926,16124,116881,24375,50833,14415,19373,31099,23095,80393,23367,2187,6152,6635,25060,17179,11729,6878,6080,14637,102847,22231,63906,103018,4591,72305,227554,38833,51387,9986,147749,56010,8791,2441,6537,17142,3432,11686,11815,181392,28722,41699,3249,324083,411976,37784,18298,8582,72366,107807,99950,7097,233256,41735,55992,78170,47044,44594,89261,92382,137580,23337,46183,51064,15992,611,76330,26809,29378,43559,28708,167407,553542,97503,81733,79936,57184,137361,109076,120097,3580142,1954473,842599,378865,1613495,570752,465697,128265,306910,202000,75200,364079,417352,236152,390596,199537,23937,5152,2705,5805,3247,1584,170845,51928,8143,36209,10495,15480,695553,338914,162465,262829,150994,132142,244445,137253,752598,100711,1246226,203982,100680,463649,218952,358503,428404,415825,143207,429188,221067,288275,88969,46862,57809,56681,66055,43675,21666,16008,7197,7644,890379,1532730,140011,14181,9442,25517,43858,34164,18056,68744,496504,163688,211409,66984,1282007,725304,253226,523744,2394454,2294317,452153,283184,124065,134989,75720,48075,784221,260084,252945,130637,175917
"pH10_2_A_cluster_DBSCAN_round6_5",1650,1409,2212,2023,3899,3495,6751,5896,11404,5464,31463,10295,9936,7256,8770,6130,129264,196257,14872,1823,29074,63109,30630,14622,16732,1975,48337,40248,19328,5864,20636,32613,43829,68796,14814,1484,1143,7711,1295,1675,1109,3427,1157,711,6946,6336,13996,5875,33721,10650,12230,5992,5035,7984,5501,25538,2175,1268,1389,2407,9459,4850,3003,3761,1050,5717,34851,5118,13077,38227,1246,21223,57617,10387,11043,4089,30060,11894,1881,1173,3030,5522,1105,3734,3809,48226,16706,26679,1525,353819,371310,35648,17205,4152,33561,40423,36239,22415,82936,39734,22868,25237,18395,37383,35866,48465,46293,13885,18809,22933,7721,715,29487,22703,27783,31556,26977,85593,76557,83289,142610,127103,85715,45166,43280,21080,263082,155378,134186,51487,294770,110859,35812,13198,30629,30479,8405,28804,23277,19798,24759,16823,6866,2505,2317,1741,1341,407,44614,11957,5303,10794,5082,8106,129446,66614,47112,53774,39406,46691,25656,22323,120229,17565,106674,15739,8251,52213,28332,48657,21857,31864,14613,32453,24526,32894,3437,3492,3410,2871,4945,25561,18567,4755,5301,3742,259178,423808,58191,9112,20496,19381,7474,10489,8119,20350,63851,25598,55295,10127,104631,56114,27325,50764,360142,278479,54762,19763,9665,9944,10992,3996,34029,9915,13592,7577,9602
"pH10_4_D_cluster_DBSCAN_round1_1",2216,2349,1157,2698,15143,13786,11971,9084,13541,12766,83052,27204,29244,20770,9674,19341,207408,240881,64666,5504,161141,304177,118695,79708,76431,19257,108614,93920,58140,75499,101074,217287,289417,209411,131018,25340,22930,129793,1053,1570,1505,2865,1937,822,9772,7098,31786,6891,119806,51975,22004,5710,9676,55558,52180,82458,9671,3919,4600,7281,33944,23104,15516,19244,3493,29597,147804,27776,63085,103448,3297,68528,242636,34782,84560,14735,212074,81637,1690,9040,11521,20468,6030,12150,8436,133176,21240,42258,4939,298455,237215,60659,30702,7153,40865,40178,53417,24554,87241,22765,18307,49678,23882,57443,60695,81617,88952,19104,51748,42560,10900,629,269692,143597,41439,167038,50199,68366,152743,157307,179348,178113,185771,93875,78355,83998,687171,520179,222628,102691,242169,145728,230756,49844,279081,95469,37645,44174,78332,55006,38245,78338,13715,8272,7052,5664,3573,1411,55912,21617,11250,40403,8126,15152,110247,219908,58964,101472,61836,39175,92316,110919,193334,45696,154396,88606,60763,79919,28645,72505,166826,72074,69206,119520,117827,69857,36344,16940,53800,29272,52526,35392,28655,10557,14899,18009,288853,241596,172056,24019,21744,35254,115350,91978,32808,55265,166166,165552,92605,69225,232619,201822,158296,103473,324574,196143,221588,148642,117982,100598,69628,47783,172108,38046,141198,76882,69078
"pH10_6_A_cluster_DBSCAN_round525_32",2200,2590,2595,2737,5100,5197,6919,6936,8464,12603,16288,13934,8409,5680,6280,5093,15671,17816,4640,3537,5994,5455,4740,4896,6135,4221,7375,4985,3522,1836,4493,10331,12027,9476,5241,467,614,3697,1595,4859,2990,7449,4235,1905,7320,7292,10293,9083,21116,13588,6435,4202,4918,5256,2731,2616,2639,2863,1903,4713,5509,4756,2243,2889,1847,2710,3998,3926,6469,9567,2804,5920,8958,3262,6647,3056,6459,3051,2749,4241,2994,4297,2657,3457,1830,26857,6982,5901,2160,9764,7637,4936,2960,3253,2464,6201,7827,4798,6698,2041,2766,5477,2863,6431,6054,3006,6785,3087,3076,2886,844,44,12260,6874,2533,12241,3440,17926,11315,5507,3208,16727,2538,2619,1279,1416,83110,58570,10457,2608,31207,4174,17209,5375,11572,10280,913,5399,14426,5630,18560,8794,5230,2418,4007,3775,3706,808,4159,1585,1096,2625,3368,2062,7032,14081,4828,4352,4449,3871,5200,9304,7404,1766,14066,5418,4691,5788,3660,4847,23596,11386,7739,6924,11897,5948,3016,1256,5905,2252,3592,2602,3335,5563,8117,7700,9726,22952,8552,3331,3730,2615,852,1504,974,1930,5860,10375,3752,1907,13233,13159,10589,4849,37702,13715,7934,10073,9012,2827,3480,1681,26941,4679,16569,9016,4035
"pH10_6_C_cluster_DBSCAN_round2_10",1693216,1813969,1545080,3123245,914189,1025502,3884387,3422765,4891659,3107900,307070,1623554,1191863,1036244,3799010,874498,309796,87990,236679,646639,100572,28635,9132,107672,5442,492609,5251,2942,2336,10946,10184,159062,29250,13095,6785,1137,2729,17153,1697349,5330089,2573238,5498001,1881460,1454165,4623123,3525821,4871799,4509359,1843409,2302739,2933743,3324870,3988004,3438078,620770,439012,888156,390707,364497,554713,127478,316973,227811,279158,454208,132546,10884,144932,320404,11802,922670,40928,29868,53207,16273,215892,11047,9468,408517,419156,519599,525325,973461,534293,153999,2033085,284787,395588,356183,22791,16624,148144,70360,246489,21671,71615,198355,168810,75439,2466,4257,13099,4436,46130,16006,8055,38373,3708,10669,7812,3737,100,174703,170116,60156,353301,82561,174071,3897,39669,83329,96663,80262,2573,43047,391,16673,15607,6511,980,5324,2069,6834,355,3589,4204,527,557,447,1010,398,597,546033,251216,359975,412555,286022,132147,72544,56291,53763,130304,185560,149964,2837,5574,10324,74480,81543,45705,2836,6348,11014,2259,7247,1421,880,3961,1715,3483,2808,3503,5225,3353,4389,5007,1112,1017,1849,444,4467,66161,86593,983266,761172,1300005,16294,6182,157150,195534,185121,198525,5771,204676,77878,93687,2429,1501,1650,1390,13231,8415,7010,3741,31207,15283,11012,7971,1899,2653,4788,1096,5226,300,646,1123,729
"pH10_6_E_cluster_DBSCAN_round5_14",494568,550171,582335,524697,522583,659752,805697,915692,1921730,1014827,355198,464978,542063,381657,711230,347180,468768,652880,224035,223982,148986,179793,83429,67428,99023,194236,102713,116626,29070,13247,90474,174360,185345,234133,37593,5320,3859,42870,313851,1103946,503617,1482078,767080,451925,1924954,1660282,1487081,2056791,3958630,4278320,942670,636221,1067838,791835,189523,139143,775136,301969,264829,370278,122673,361882,178201,207767,485687,193638,197209,129991,138584,234810,395132,100086,423355,64172,28265,113105,102967,45162,409622,851249,937088,1161622,590387,925871,397471,3765575,1007872,866151,453889,861576,490203,627781,289610,451743,343755,890847,780142,500442,558265,299637,209811,461654,211184,475543,301288,452168,676585,248959,202711,352867,145244,14113,38313,23695,10008,27148,13491,23554,13101,25494,26620,13578,14005,12839,10543,4022,71113,49711,23078,4684,57829,10023,10434,612,6064,11162,773,734,850,2883,1003,1740,392770,142852,194376,269570,167433,85394,111422,86362,57350,178483,122945,126681,71036,35078,66494,88121,79900,59634,47592,34443,148470,26645,298651,33107,18376,77585,38410,88759,80305,91043,61910,71032,120087,88097,5027,12178,1060,874,18439,211492,144251,395913,298563,536072,235234,476510,142970,104698,130322,120079,2995,13572,14723,42803,53887,27617,28848,8173,276246,109917,107861,41725,581363,273629,277560,72697,13822,20612,24855,3457,121986,719,5884,5893,4536
"pH10_7_A_cluster_DBSCAN_round2_25",1756,1802,1907,1639,2263,2281,3678,3321,5209,4057,10273,4464,4862,3463,3412,3358,12462,13720,4320,1360,4916,4775,3778,3706,5166,4591,5047,3078,3190,1034,3049,6327,6464,6289,3387,162,151,2069,924,3111,1570,4959,2667,1650,5573,4853,9922,6067,19899,22924,4497,3425,4891,3322,2595,2410,2449,1719,1972,3292,3267,5790,2617,3519,1629,2716,3201,2937,2720,5473,2406,1959,6663,2854,1888,2292,2349,1993,1248,2388,2158,3005,1697,2977,1824,16527,5266,6481,1433,8894,6956,4370,2462,1829,2322,7391,9947,5850,7345,3933,3067,3973,3334,4589,4471,4148,6191,2940,2848,3633,1307,93,8980,6260,1562,5329,2267,15078,7028,8907,8297,11769,9323,3536,3764,2431,29544,22658,8884,4044,17711,8231,3649,869,2922,2646,983,2664,3098,2467,3295,3746,2711,1174,1533,1611,1325,418,3539,2392,1267,2710,1600,2379,5740,8543,4931,5495,5854,5287,2416,2450,5418,1849,8790,3373,2539,4216,2352,4221,5454,3970,2332,3311,3626,2547,842,488,1011,524,1018,2886,1932,2548,2847,3335,7664,11725,10535,2382,3171,5806,878,3434,1708,4025,5473,5236,4177,2161,11941,6160,5118,3814,30500,11532,5671,3516,2360,1673,1578,668,5817,1348,4218,1836,1243
"pH10_7_B_cluster_DBSCAN_round161_0",2744,1321,1977,3115,5753,5431,12314,9217,20626,9973,24318,18144,7929,5284,5412,8392,31008,40665,10220,7121,14693,25942,11709,6806,6580,7838,17495,16425,9982,5380,10199,13732,30000,28906,11730,1505,1044,13809,2014,4192,7972,5713,3145,1924,16104,12421,113634,12618,69924,19533,29773,5924,17405,19737,23783,15912,61826,4177,15205,12245,12309,7353,14272,6884,14165,7462,14623,8896,27726,21222,6978,14300,31326,14351,11729,28437,39176,18976,2567,4908,15625,14852,4625,27539,39032,342483,47996,31985,6488,37039,29218,20502,8824,24937,15086,17303,17975,9874,21590,14841,11518,11312,9003,12047,16507,19461,24516,10686,16379,24749,16412,872,5496,3848,2068,2474,2075,11401,17900,7658,10438,8607,6460,8706,3994,4532,69816,75604,20060,11526,39662,16008,21405,18600,31748,16480,7736,44331,48448,24439,46827,32279,4420,1791,1830,1416,1309,349,5313,3315,1442,5366,2833,3225,14982,17064,8251,10378,7339,7437,11807,7669,33425,5743,32265,12943,13043,18684,10469,13613,27780,18531,14736,21328,19811,14818,11739,6784,12263,8134,10225,5249,5483,3443,5710,4835,26535,42259,17670,5568,3776,5281,4056,4950,3976,5586,21561,26149,11051,4601,37046,28270,28573,17542,82900,54816,46881,28517,26721,11848,11727,6578,61043,25271,71342,21306,20967
"pH10_7_C_cluster_DBSCAN_round5_6",1088,719,919,1095,2877,2214,9168,7930,14199,7949,16356,14831,5711,3434,5058,3901,31063,34366,3515,1885,5663,20050,11048,5962,3481,2142,13852,12914,6688,4164,7926,7205,17465,25862,8234,895,594,5397,723,1603,2082,2139,1105,663,11678,8629,52449,8101,64169,13773,25292,4990,12201,20865,13789,10316,18017,2235,5366,3351,3914,1567,3564,1688,4833,1839,18643,1805,7578,6616,3598,3494,40076,2145,3868,5506,15683,18944,1031,6947,6993,7764,4107,11274,9523,154026,17061,18574,2383,39726,21612,8983,3060,6330,5847,5907,5998,3895,8419,15777,4441,5325,3859,7081,7853,12427,10115,4380,6804,8352,6834,671,4339,1955,1471,1700,1521,7175,19686,8750,4924,5870,5867,11662,3144,10861,83250,57913,33327,20180,63844,27029,22480,11992,29626,28559,13239,51599,47824,27759,95150,41723,2531,646,844,753,770,191,6516,1653,915,2789,1303,1546,25901,22383,15441,11878,10353,6935,14496,12828,29062,7665,34890,13036,15764,17503,16900,14588,22049,18987,16624,20146,25005,19285,8646,6425,7768,6576,10381,3245,3394,1687,2346,1895,43054,78709,21035,3510,2474,3901,5202,3529,3939,5503,18631,30199,15474,7669,40920,26453,22786,19139,91229,60961,29173,17825,21507,11496,13362,8952,49186,12719,33440,21223,17655
"pH10_7_C_cluster_DBSCAN_round7_1",263,260,702,290,716,479,2790,2240,3060,1933,3409,4031,1441,1124,1246,1269,11449,18165,2524,231,3593,9387,4067,1813,2177,927,7296,6343,3403,1952,4849,3599,12117,12425,4608,596,511,3787,233,588,378,1461,515,302,3804,2291,5806,1935,15519,1831,1969,945,2222,1358,788,2513,695,427,398,595,1393,781,824,917,367,996,5603,1029,2817,4887,288,3224,13428,2891,6132,713,11811,8632,238,580,431,727,341,583,451,7870,2151,2061,203,16771,15034,2736,1351,233,2321,4290,3927,1563,6559,3320,1754,2986,2002,2291,3430,5343,5282,2033,2677,3555,1626,114,808,697,284,400,277,2899,9195,2497,3210,2471,2097,3304,905,1736,33738,43629,10990,5285,20023,7653,10690,14449,15616,6813,3878,24271,22108,15277,21017,18000,1161,236,224,311,179,52,2094,606,250,924,280,417,9350,7647,3196,4096,2209,2785,5458,2734,13235,2045,14761,6137,5658,8513,4371,5856,13373,9221,7180,8345,8298,5988,7182,3083,5582,4642,6359,1946,1146,420,369,440,14536,24494,6308,1213,994,1150,821,549,808,958,8215,10067,4095,1670,15994,10289,12011,6642,37975,23736,23876,14877,13926,4587,4262,3634,26416,13431,37995,10165,10133
"pH10_7_C_cluster_DBSCAN_round7_4",1235,930,1621,1138,2360,2491,5967,4751,7882,5290,9393,12899,4541,3637,2684,3959,28571,29420,4596,2855,9160,18829,10469,9599,9347,4176,17710,22213,12278,8190,10528,16299,31349,50306,17724,1611,1164,10600,950,2027,1376,4306,1705,873,6619,4563,21864,3695,41622,7354,8501,2223,3592,5081,3631,4915,5062,1895,1902,3911,3177,4875,3685,4309,1757,3333,10188,3349,5235,10230,1486,5080,29979,4087,6752,2567,21968,14381,959,1814,2215,2633,1195,3194,2392,46512,5683,5624,1052,19364,19325,4357,1899,1868,2792,5328,5042,3311,7768,4230,2641,3391,2253,3846,4314,4757,5334,1901,2803,3109,1504,96,3320,3488,2393,3663,2007,6372,14228,11572,7640,12291,5434,9051,3807,5358,72210,43731,26747,12573,83332,20078,18290,8875,15713,19092,3912,17266,22972,11758,56378,14541,3731,2151,2456,1173,950,243,5211,2799,1373,3259,3696,2531,28117,30142,9741,10170,9580,7948,18203,11067,43351,9435,35661,21277,23775,28754,26044,24461,33483,28928,26005,32574,35238,23355,12204,11652,18589,10237,15604,6557,8797,4692,3492,3252,29391,49842,12742,6279,6358,6190,3808,3184,2167,4866,39501,42422,38171,14498,48793,27749,36265,34542,171346,78041,54904,31694,30544,21369,23814,11354,54248,24807,73466,36144,31236
"pH10_7_E_cluster_DBSCAN_round3_20",1053,627,1036,973,2222,1771,8575,7003,11692,5999,11880,11771,5385,3206,4387,3273,30508,27055,3356,1214,5492,21499,5981,3920,3867,2248,9971,11694,5948,3114,5682,8202,14646,32199,6811,835,511,4772,810,1714,2145,2453,1098,655,10446,7091,35150,5829,51510,5448,19154,3786,9613,7903,13133,9561,11699,991,3593,2212,3115,1467,3066,1369,3086,1626,8135,1766,6786,7291,2110,4176,17167,2262,3323,4258,11615,4650,1046,1271,3319,3845,1266,5985,6632,117313,13062,17201,1538,22178,19627,6367,2701,4987,4832,7605,6364,3496,9521,6314,4578,5053,3819,5177,6234,8077,10363,4217,5436,7994,4523,165,4104,2452,1704,2450,1599,6313,10707,11598,5186,7713,5973,5185,3339,2841,66203,40502,17522,7274,45260,12419,10936,5314,12673,9551,2357,11560,15621,7385,25345,9775,2492,582,563,559,521,118,4321,2406,1073,2395,1088,1194,20763,16123,7565,7667,6298,5278,6827,5718,39770,4172,22839,7629,9139,14246,13426,11398,14830,11877,9778,12339,16382,10615,3638,4064,4765,3039,4039,3694,2800,1100,2113,1289,34316,42813,10448,6691,2781,3124,3161,3234,2732,2693,13350,14366,16521,4001,27521,12687,16086,13021,118537,42849,22699,10276,10114,6636,8164,3363,22747,6927,25025,8981,8425
"pH10_7_F_cluster_DBSCAN_round4_20",1560,1647,1545,1818,2143,2312,3912,4286,5521,4445,9658,3487,3577,3263,3392,2780,11653,6874,2731,883,2715,3531,3166,2016,2384,1704,4668,2431,2999,732,2823,4446,6645,6650,4241,199,162,1116,934,2919,1447,4159,2212,1334,8208,6042,8837,7584,12286,13549,4113,3162,5340,3069,2086,1560,2092,1297,1186,2044,2547,4576,1473,2623,1277,2066,1601,2312,1879,6944,1488,1809,3346,1363,2720,1036,2235,931,1325,3091,2343,3154,1921,2569,1630,16550,4068,4508,1260,8490,9708,4078,2302,1415,1801,4678,6326,2127,6565,2502,2423,2883,2665,2695,3362,3176,4342,1890,2341,2845,867,46,1972,857,522,798,602,2049,6177,2896,1617,1688,1451,1742,1875,1803,23289,22888,8001,3864,18612,7740,2665,1411,3038,1745,814,6091,5256,3747,3349,4778,1946,1104,1278,1303,830,333,2166,1717,556,1477,845,1244,4433,9833,3164,3525,2820,2732,3382,1864,7787,1623,6025,2574,1739,3504,2329,3576,4002,3769,1791,3738,3594,2856,1070,440,1097,632,1697,1962,1180,2291,2087,3222,7904,18491,5000,1464,1386,1887,943,1484,478,1795,4147,3178,3166,1991,8179,7339,3198,4790,31184,16058,3105,4014,1836,1565,1243,699,8540,2914,4677,3530,3883
"pH10_7_F_cluster_DBSCAN_round5_0",5094,5324,2803,12388,19412,42483,7364,5929,13882,12131,563219,79807,13060,12596,5150,22907,520923,184897,245081,7560,560308,269705,392143,138964,186790,20270,283760,127273,282962,88635,137442,105858,322632,148706,202265,28318,24728,146202,3791,5788,3894,9075,5606,2517,6476,9707,20617,7684,91097,129462,8795,3699,5176,8148,77506,223406,6613,7379,6012,27145,76209,114035,30221,53921,3728,63035,86522,111146,73185,119106,5131,60865,92502,48222,93587,32680,42179,87341,3941,3794,9789,15017,3632,23224,20687,160529,70051,39832,7510,101729,75634,285506,129684,27183,241879,173079,233062,120732,215342,298710,190760,154884,169945,143167,341144,250613,298398,167891,129828,252815,173567,17256,70277,57501,52581,47615,116067,114666,613405,155158,100504,124450,104617,808016,641012,736414,178088,168947,324595,583213,576898,767405,44156,29592,89954,194050,134738,150248,100005,72743,126090,127631,10060,14757,27604,6134,9705,2683,284628,289366,118387,182493,43013,247462,323056,612617,561305,445292,527186,754044,422058,382297,566520,319826,199942,280023,176718,373370,266520,249836,196107,215544,111116,217535,202117,169100,68987,59520,72587,80241,110456,236252,200349,55257,44760,60340,347855,661340,708362,90988,73802,258975,421899,569813,394259,930007,488524,180290,557707,361419,222055,249403,112880,510542,470203,649655,57077,105511,108635,250493,123137,146231,156156,142371,148877,152534,238495
"pH6_1_A_cluster_DBSCAN_round1_4",33007,48465,20646,50672,58157,26156,94828,85832,89043,86853,52766,52356,75021,46896,38897,41826,77137,82078,23428,10091,16291,22476,21077,15147,16239,33605,25028,27106,19408,16030,19280,23160,49832,85334,41444,2018,1766,20387,13235,45290,19701,57823,67891,20660,90295,73036,73597,67571,428322,182481,51823,35393,34433,33183,35884,18902,9526,18736,26384,42419,25785,36029,20237,24269,9808,18997,65545,14873,25867,21313,47880,11544,125051,20108,20412,6907,57324,16219,18643,32414,37210,47978,18824,44410,27542,247764,88822,115462,26980,974297,258569,22343,8635,24056,10738,31931,14729,11308,23875,52995,5318,13671,6627,12115,9262,116264,28252,4643,7083,8499,3943,92,53705,72631,35912,76708,34341,56839,65859,79435,46950,69740,46425,52873,38150,35661,275027,175930,74701,39350,165789,68723,88832,43709,74143,73828,17396,63498,84277,52569,158105,91406,46368,18405,25497,23500,22779,5849,10430,6554,6076,27137,36052,17502,33736,55205,13178,14841,12546,10765,16222,17965,32441,10255,59923,18806,18993,24434,31921,18712,56067,27285,23610,29259,43980,25663,8635,8636,18625,10108,19599,22981,24868,56268,188805,65599,40304,69813,31494,25295,49802,32285,4427,4626,3343,5305,26961,59568,26357,12029,73590,44052,45181,22346,157311,53376,54129,26056,38557,11822,21254,8658,77482,24392,104903,34380,19682
"pH6_1_D_cluster_DBSCAN_round2_7",418720,279316,248048,925177,719194,449246,1056627,909540,883302,1591037,434380,2323241,934472,728565,786160,978856,534560,420085,418517,705191,469490,199503,428251,357781,322469,644629,258361,95403,299519,235457,196929,403128,545091,323548,491686,24577,36734,450702,353628,1001693,490484,1344005,414198,257445,988322,944210,730616,1357343,1038432,1082192,819880,859042,602820,1093418,1059277,662860,353922,403602,284321,664332,359288,533553,358953,441013,264703,232715,180281,346924,503081,332762,909875,310292,265130,429320,236767,437185,217856,218974,84351,151823,207987,269345,218608,481193,145567,1529831,483831,415058,237130,21642,24904,239468,180673,376717,116609,134647,337424,232763,115706,34254,68590,37987,71429,165902,80938,21987,77955,62881,130943,77358,22856,1949,135195,176557,89067,224580,51377,468314,147538,192134,341720,323011,227552,249713,127213,119043,66898,109679,93548,84241,69270,95057,38733,41203,72453,69067,56625,89575,68891,77575,162429,121361,425750,176906,274133,338624,343076,63579,65438,82326,57883,195461,251124,246689,126489,221953,151866,253651,246828,161940,176704,260230,135828,172676,102326,131575,120291,171183,134416,134319,80390,117571,142963,124086,114406,131153,57175,40573,120954,82607,212276,62545,88416,683636,460470,537984,114449,144781,283472,281709,294408,314073,272752,414087,246812,214057,156223,142318,148345,195346,94018,201052,144908,134130,124883,170167,62284,185851,159150,111734,80362,146729,164170,93557,120779,185034,102564
"pH6_2_E_cluster_DBSCAN_round5_7",4643097,4843887,6011799,4770179,3923455,3277810,12075232,12802491,16003014,11618064,1853959,7758854,8179342,7562378,11938189,6961465,3097539,993992,1338641,2938443,671915,667054,366528,807631,736217,3002322,499665,222122,332060,129269,303799,727698,641526,765974,417748,14560,28381,646770,2800754,7657959,4215908,14766603,5489560,3372499,13664808,13139882,13859238,16552096,8761742,7684610,12835890,14628405,9944128,8269095,1566004,1041426,4643109,3833020,2439651,4687662,2051182,2306164,2201909,3264491,3142697,1189996,321495,1451558,971782,1013631,4325920,715761,455256,541994,455839,1092261,291337,86154,4309111,2742675,1502786,2080998,2668151,1802305,590761,5129965,3818945,3525004,1042473,887486,506174,621917,763794,1390075,536590,732455,1629647,955370,703533,405053,544417,241456,454153,470780,437114,292286,737398,450970,399840,489750,149244,18223,219649,367396,92290,414187,108887,734263,82634,329134,1030344,520901,514849,204341,161615,125804,574732,416325,231152,52261,300824,139738,75233,1417,43485,54779,4995,1810,2192,22338,1690,6556,3292155,1209449,1748283,2523089,1825426,474512,347297,290436,209172,1044904,1415043,1350676,220836,228075,432205,708372,643413,746291,114289,295592,440485,280693,543166,74185,45506,418637,221564,413131,111268,197787,107386,214265,193586,283940,7049,20748,1885,1147,32785,491298,740473,3521829,2469678,3309933,380841,543505,696526,1469271,1835625,1699646,20878,240202,157069,428704,108931,48441,252373,352525,571016,222719,183354,220966,1980031,934930,322966,127013,20470,79959,62121,14842,188777,1518,9004,15597,13817
"pH6_4_F_cluster_DBSCAN_round203_0",2457,10286,1512,5707,7372,13593,13665,32851,6571,29380,22486,31279,40210,46315,12313,51283,27581,29088,8298,7895,6056,5976,3492,11675,8186,25536,11381,5389,2920,1786,3952,10096,8863,9687,3473,302,198,2715,636,3664,1072,3593,1672,2250,1954,3973,3509,4370,41564,65650,6776,16963,1611,10801,7445,4169,489,19292,10839,45672,13556,48507,11270,24550,2552,15971,2568,17507,6921,18262,15132,5052,4695,2891,2066,3723,1443,1013,1325,5900,3551,10371,3623,10337,3022,61389,31804,47675,3318,35260,58392,15313,6584,6534,5368,19419,46591,44581,28763,8325,11792,13921,9472,19540,16832,6345,10096,5979,4921,4520,1516,75,13851,11342,5287,11133,6385,8327,4947,1670,3417,2669,2298,3686,1962,3196,28662,29315,16620,7037,25374,13981,2523,530,5703,4208,1169,3240,7589,4839,4367,7242,18575,9376,14246,13221,5642,2655,5666,3341,2077,7838,10306,7720,7642,6966,4318,6156,6650,3902,3303,5622,13873,1980,17238,3435,2406,9933,5494,9378,11779,8944,4666,8453,8643,6670,2584,602,3385,518,2474,8445,9957,19309,14523,30082,6652,31176,7755,6443,28527,6020,1066,2893,2383,3065,7012,5549,9590,1851,23262,11309,10151,8703,87691,41933,7941,7116,3797,2270,2992,1116,11277,1187,2310,3036,2102
"pH6_6_D_cluster_DBSCAN_round9_1",25743,46285,6492,93964,97511,254385,71964,66821,55449,150601,2244575,710351,185868,186495,40793,276484,1565938,1330674,893378,58996,3200408,1896136,1088434,995592,1056614,143083,819441,125251,356502,84813,282668,991186,716352,302665,178351,33328,30439,680205,19077,49328,13245,60684,18812,16328,24136,43204,35243,31038,951122,2370884,47321,31863,14324,122462,999260,1363615,9551,91404,75829,339417,647269,1890726,320109,790064,11062,1084628,637695,1318637,1543520,2942197,48360,958558,816356,293797,713380,494442,315606,157262,11658,16447,145708,163075,24913,358870,357790,2984926,1305235,1165829,110091,5332367,4208611,9089253,3847635,363773,4828961,4513872,5831891,2858626,4567027,5310470,3094906,3152545,3191976,4519559,6301426,5037049,5978049,2903570,4336949,4539304,2786062,164039,453084,383024,248962,92470,236244,237048,1025568,669619,365474,191869,240060,1928319,358428,941813,331843,172367,156196,128719,162299,223880,285047,4236,76616,55537,47178,7104,7206,8566,5439,17128,118613,182207,329996,61312,50261,21268,2056189,2408928,874105,1298665,163317,1219431,944185,561557,3679096,2872027,2824016,3322842,344545,392554,966323,410432,435167,149990,77127,335763,132589,220187,116130,184431,303463,241677,183332,290453,49928,49157,53463,48671,159623,1861574,1693036,562708,321915,458532,4989833,1636759,3378269,797186,299532,1757427,657637,3305281,1395416,2369700,164160,72305,219745,225051,471284,317933,129246,227659,770577,698293,385988,145803,42587,84742,138552,48108,99611,26978,56506,35168,42446
"pH8_2_E_cluster_DBSCAN_round1_4",19688,22096,11435,73804,19848,122874,24350,43212,33918,318190,522411,643093,792808,1969222,55489,1569520,264101,78720,217283,2886208,227441,165435,112900,39251,48807,834742,47046,10640,39983,15471,70460,396011,106981,48091,27694,5348,8299,53099,34850,63941,17530,76554,5343,10468,42869,54440,41851,36078,94999,188435,19579,29565,13857,198952,23178,110218,18438,409128,7397,1031266,13277,183973,811519,606382,5854,345313,14646,85533,106969,79512,731579,59448,15251,26449,36009,448069,13868,9787,3417,1576,16065,93998,4709,58232,5796,350284,49752,424609,42695,22006,52780,37846,60278,636996,37637,13801,118167,297899,49330,4069,30912,13002,32017,364934,56714,7794,26784,28359,142373,38507,5964,583,569062,564631,769734,19682,405227,35598,19420,277590,1822560,44941,763184,42143,229818,68755,19226,50887,36701,32986,9583,65389,21025,1046,19810,1758,14960,3813,4807,4630,1413,8094,432041,1270144,796393,227472,165001,51103,261942,371603,212937,1511841,3005492,1501920,41542,33208,81497,119209,131392,68697,60568,104590,206576,70073,103687,63032,36312,107423,66505,78932,51995,52216,55516,61351,43559,71760,14990,14998,12346,17191,35413,1056659,3610746,1181232,698693,867486,310211,124074,143095,3211366,1989514,2710753,78038,88721,87400,251763,56465,17819,49076,54588,61808,148919,53750,103868,265173,323292,30556,52298,16801,32945,61864,25977,35619,7241,4830,18688,23915
"pH8_6_D_cluster_DBSCAN_round6_12",122354,106635,105484,190858,103675,72078,235517,202016,343830,183200,24138,180195,103009,87025,214223,81423,28243,5210,19107,41329,9063,4401,4491,7208,2724,52831,4326,2248,4021,5593,3221,11119,8257,5518,4076,441,685,5521,149069,396237,209901,413287,159473,100019,360271,194985,342376,273384,156432,155532,212997,180341,346098,257008,44100,20808,64606,39623,29491,65159,10700,22803,32258,33298,41684,19230,5424,8939,13840,3339,73725,4975,8640,6603,8170,19866,4321,5377,52818,67218,52776,69524,93834,60795,18235,225020,26972,33785,43296,2414,1546,12370,5356,18617,3046,5877,15204,14586,6871,2507,2123,2889,2964,5469,3751,2455,5163,2475,2426,3655,2230,65,16156,16772,6888,39700,7833,9331,1686,2677,6559,7260,6768,1890,2583,696,2493,2877,1219,1175,1148,1391,1421,1356,1362,1488,849,2701,1866,2219,3601,2310,60709,26113,32029,44254,35254,12118,4391,4183,4922,11139,21505,12061,1213,3257,1933,5179,6157,3202,2286,2461,2634,1699,2239,1700,1645,1993,1550,1750,1891,2117,3240,3082,3575,2572,2064,1349,2473,1436,2521,4096,5762,88484,85617,120819,2570,1801,6884,20169,21700,12357,2019,17507,6266,5932,1863,1841,1680,1765,1736,2533,2685,2233,3892,3340,2235,2405,2739,1595,1750,1854,6508,3062,7256,4868,3322
"pH8_7_C_cluster_DBSCAN_round6_1",765,385,660,623,2949,1010,7560,6175,10743,5445,9082,10199,3448,1784,2648,2185,13188,18520,1772,1238,2328,7906,2882,1237,1131,1561,3340,12209,2084,821,2144,2877,6002,16769,3395,248,174,1649,581,999,1514,1518,942,456,9341,6449,41225,5106,66099,5617,18120,3187,9157,7316,10882,7944,12425,900,3205,1905,2922,1304,2424,1125,3264,1245,14859,1418,5424,3628,1985,1891,30855,1310,1066,3759,6244,11628,728,905,3267,3318,1036,5688,6646,110509,13062,16229,1346,12739,12125,4819,1945,4002,3024,3409,3991,2162,4726,5649,2191,2560,2056,3294,3631,6168,4958,2082,2990,3992,3858,240,1418,726,691,658,762,3941,9437,2911,2521,2861,3584,7260,936,5089,104224,78332,44013,31788,103237,38440,27359,15913,42367,32689,17782,53632,57778,33965,99337,54470,971,266,327,307,375,65,1979,764,341,1268,581,686,13709,12628,4108,3764,3120,2830,8892,4812,24530,2417,27279,12503,15896,13191,13604,8372,17114,21277,16375,22804,27382,17076,9621,9786,12300,11595,13648,2130,1360,668,1322,901,17895,34861,6601,3081,1519,1659,1542,1838,1512,1421,11502,23090,12327,1490,32932,20262,23295,14988,136006,57589,48287,20328,30173,13383,19435,8902,56756,26203,66640,25794,23341
"pH8_7_D_cluster_DBSCAN_round9_5",3920,3722,6441,4601,9979,7967,7640,5838,15338,8073,54251,13409,14668,12122,8294,14166,199024,115577,42931,6772,57946,96003,47739,26251,33067,14241,55640,58938,30237,21897,39168,40404,69274,124453,29348,8038,5723,25420,4004,7516,4717,13205,6583,3455,8010,7301,28702,7880,55881,15092,17197,4534,7837,9449,12237,15897,7986,2269,2400,4933,14746,6790,7142,8651,3179,8157,38590,7213,4913,21887,2802,12102,59218,4201,8593,3552,52068,20561,3665,2768,6344,10457,3895,8697,6526,63376,24229,26155,3960,298085,227760,47385,17702,5408,29454,30952,33036,18615,52142,35172,16008,25577,14705,31876,35660,48429,50588,14835,16951,21748,11450,718,38404,35792,50489,58055,34301,57262,76918,49150,94937,75707,59831,49055,37227,48900,241876,154686,95067,58988,249215,84709,68655,36582,65330,56714,24177,81684,87190,38330,101965,54720,12495,6070,8835,3783,4789,1039,61290,34695,17807,40132,35071,27201,110229,117203,81388,105001,73107,63819,62942,65453,200008,31624,190617,49962,39493,92691,64967,74001,70026,64757,45734,71297,76816,54714,25318,18645,37372,22220,30736,39291,40562,14835,18416,10538,204506,260774,81203,32583,46567,51238,16743,12132,12363,24304,90884,68670,80880,34771,120917,78671,53213,88351,417505,202622,75200,51247,40301,46602,37453,24158,116996,65816,90627,50841,72136
"pH8_7_F_cluster_DBSCAN_round202_0",636,562,616,834,1602,1221,4499,3772,6715,3542,8074,5973,2598,2087,2079,2393,15729,20382,4124,1059,10015,13208,11807,11125,12024,3173,15850,15514,14086,5401,7969,10499,24234,26326,14801,1334,1115,12295,407,966,1087,1412,682,382,5651,3732,25156,3430,25264,4217,10179,1661,4653,4331,6785,5277,7268,803,2520,2027,6023,4347,3288,2127,2485,2500,9128,6567,10446,12293,1536,9473,21285,8737,15680,5454,21667,16248,544,871,2026,2266,770,3572,3870,66247,7550,9252,954,21431,16589,9668,6367,2631,7796,15912,25171,4959,19879,8808,10067,8521,10631,8373,16368,9123,23151,19103,20150,22085,5653,632,6951,4000,2493,5397,2503,17651,33378,9445,10268,10444,6835,15632,6861,11620,71303,101534,25717,23006,42306,26729,24138,29952,32848,15359,9530,53318,53232,31075,49865,41421,1997,531,835,771,671,162,5366,2750,925,2319,1213,1643,18186,26448,14994,16129,13758,12224,13959,8581,18432,7395,27078,15847,17096,20056,12729,12959,28287,17721,12734,17002,16845,11738,12551,5999,13268,9961,11920,4389,3109,1859,2107,1436,16053,34553,16877,2684,2745,3663,2357,2703,1721,4866,24317,25208,13708,7619,30086,25672,25951,20038,55009,38056,38076,24429,24795,11646,8419,6616,50227,31978,66336,20246,22708
